"Primary ISBN10","Primary ISBN13",Title,Author
1427817103,9781427817105,".HACK G.U.   , VOL. 5","Hamazaki Tatsuya"
1421535351,9781421535357,"20TH CENTURY BOYS, VOL. 17","Naoki Urasawa"
1421535386,9781421535388,"20TH CENTURY BOYS, VOL. 20","Naoki Urasawa"
1421535394,9781421535395,"20TH CENTURY BOYS, VOL. 21","Naoki Urasawa"
None,9780316210348,"A BRIDE'S STORY","Kaoru Mori"
0316232033,9780316232036,"A BRIDE'S STORY, VOL. 4","Kaoru Mori"
0316243094,9780316243094,"A BRIDE'S STORY, VOL. 5","Kaoru Mori"
1935934023,9781935934028,"A CERTAIN SCIENTIFIC RAILGUN, VOL. 2","Kazuma Kamachi"
193593418X,9781935934189,"A CERTAIN SCIENTIFIC RAILGUN, VOL. 4","Kazuma Kamachi"
1937867218,9781937867218,"A CERTAIN SCIENTIFIC RAILGUN, VOL. 7","Kazuma Kamachi"
193786779X,9781937867799,"A CERTAIN SCIENTIFIC RAILGUN, VOL. 9","Kazuma Kamachi and Motoi Fuyukawa"
1421540215,9781421540214,"AFTERSCHOOL CHARISMA, VOL. 4","Kumiko Suekane"
1421549220,9781421549224,"AFTERSCHOOL CHARISMA, VOL. 7","Kumiko Suekane"
1421538385,9781421538389,"AI ORE-LOVE ME!, VOL. 1","Mayu Shinjo"
1421538393,9781421538396,"AI ORE-LOVE ME, VOL. 2","Mayu Shinjo"
1421538733,9781421538730,"AI ORE: LOVE ME, VOL. 4","Mayu Shinjo"
1421538741,9781421538747,"AI ORE: LOVE ME, VOL. 5","Mayu Shinjo"
0345508181,9780345508188,"AIR GEAR 15/16/17, VOL. 15",Oh!Great
034549279X,9780345492791,"AIR GEAR, VOL. 13",Oh!Great
1935429108,9781935429104,"AIR GEAR, VOL. 19",Oh!Great
1935429124,9781935429128,"AIR GEAR, VOL. 21","Oh Great"
1612620272,9781612620275,"AIR GEAR, VOL. 22",Oh!Great
1612620280,9781612620282,"AIR GEAR, VOL. 23",Oh!Great
1612620302,9781612620305,"AIR GEAR, VOL. 25",Oh!Great
0316259462,9780316259460,"AKAME GA KILL!, VOL. 1","Takahiro and Tetsuya Tashiro"
1935429086,9781935429081,"AKIRA, VOL. 6","Katsuhiro Otomo"
1937867404,9781937867409,"ALICE IN THE COUNTRY OF CLOVER, ACE OF HEARTS",QuinRose
1935934902,9781935934905,"ALICE IN THE COUNTRY OF CLOVER: BLOODY TWINS","QuinRose and Mamenosuke Fujimaru"
1935934910,9781935934912,"ALICE IN THE COUNTRY OF CLOVER: CHESHIRE CAT WALTZ, VOL. 1","QuinRose and Mamenosuke Fujimaru"
1935934929,9781935934929,"ALICE IN THE COUNTRY OF CLOVER: CHESHIRE CAT WALTZ, VOL. 2",QuinRose
1935934937,9781935934936,"ALICE IN THE COUNTRY OF CLOVER: CHESHIRE CAT WALTZ, VOL. 3",QuinRose
1937867102,9781937867102,"ALICE IN THE COUNTRY OF CLOVER: CHESHIRE CAT WALTZ, VOL. 4",QuinRose
1937867331,9781937867331,"ALICE IN THE COUNTRY OF CLOVER: CHESHIRE CAT WALTZ, VOL. 5","QuinRose and Mamenosuke Fujimaru"
162692063X,9781626920637,"ALICE IN THE COUNTRY OF CLOVER: KNIGHT'S KNOWLEDGE, VOL. 2","QuinRose and Sai Asai"
1626920524,9781626920521,"ALICE IN THE COUNTRY OF CLOVER: MARCH HARE","QuinRose and Soyogo Iwaki"
1626920532,9781626920538,"ALICE IN THE COUNTRY OF CLOVER: NIGHTMARE","QuinRose and Yobu"
0316212695,9780316212694,"ALICE IN THE COUNTRY OF HEARTS, VOL. 1","Quinrose and Soumei Hoshino"
1427817707,9781427817709,"ALICE IN THE COUNTRY OF HEARTS, VOL. 2","Quinrose and Soumei Hoshino"
1427818185,9781427818188,"ALICE IN THE COUNTRY OF HEARTS, VOL. 3","Quinrose and Soumei Hoshino"
1427818908,9781427818904,"ALICE IN THE COUNTRY OF HEARTS, VOL. 4","Quinrose and Hoshino Soumei"
1427831475,9781427831477,"ALICE IN THE COUNTRY OF HEARTS, VOL. 5",QuinRose
1626920540,9781626920545,"ALICE IN THE COUNTRY OF HEARTS: LOVE LABYRINTH OF THORNS","QuinRose and Aoi Kurihara"
0316229202,9780316229203,"ALICE IN THE COUNTRY OF HEARTS: MY FANATIC RABBIT, VOL. 1",Quinrose
0316234923,9780316234924,"ALICE IN THE COUNTRY OF HEARTS: MY FANATIC RABBIT, VOL. 2","QuinRose and Delico Psyche"
1427817693,9781427817693,"ALICE IN THE COUNTRY OF HEARTS: THE CLOCKMAKER'S STORY","Quinrose and Soumei Hoshino"
1937867641,9781937867645,"ALICE IN THE COUNTRY OF HEARTS: THE CLOCKMAKER'S STORY","Quinrose and Soumei Hoshino"
1937867781,9781937867782,"ALICE IN THE COUNTRY OF HEARTS: THE MAD HATTER'S LATE NIGHT TEA PARTY, VOL. 1","QuinRose and Riko Sakura"
1937867153,9781937867157,"ALICE IN THE COUNTRY OF JOKER, VOL. 1",QuinRose
1937867250,9781937867256,"ALICE IN THE COUNTRY OF JOKER: CIRCUS AND LIAR'S GAME, VOL. 2",QuinRose
1626921164,9781626921160,"ALICE IN THE COUNTRY OF JOKER: CIRCUS AND LIARS GAME, VOL. 7","QuinRose and Mamenosuke Fujimaru"
1626920753,9781626920750,"ALICE IN THE COUNTRY OF JOKER: CIRCUS AND LIAR’S GAME, VOL. 6","QuinRose and Mamenosuke Fujimaru"
1421576015,9781421576015,"ALL YOU NEED IS KILL","Hiroshi Sakurazaka, Ryosuke Takeuchi and Takeshi Obata"
None,9781935934158,"AMAZING AGENT LUNA, OMNIBUS VOL. 3","Nunzio DeFilippis"
0545208874,9780545208871,"AMULET: THE LAST COUNCIL, VOL. 4","Kazu Kibuishi"
1935429159,9781935429159,"ANIMAL LAND, VOL. 3","Makoto Raiku"
1421534223,9781421534220,"ARATA, VOL. 3, THE LEGEND","Yuu Watase"
1421541475,9781421541471,"ARATA: THE LEGEND, VOL. 10","Yuu Watase"
1421539829,9781421539829,"ARATA: THE LEGEND, VOL. 8","Yuu Watase"
0316252786,9780316252782,"ARE YOU ALICE, VOL. 2","Ikumi Katagiri and Ai Ninomiya"
1935429167,9781935429166,"ARISA, VOL. 2","Natsumi Ando"
1935429191,9781935429197,"ARISA, VOL. 5","Natsumi Ando"
1612620396,9781612620398,"ARISA, VOL. 6","Natsumi Ando"
1421576074,9781421576077,"ASSASSINATION CLASSROOM, VOL. 1","Yusei Matsui"
1421576082,9781421576084,"ASSASSINATION CLASSROOM, VOL. 2","Yusei Matsui"
1612620248,9781612620244,"ATTACK ON TITAN, VOL. 1","Hajime Isayama"
1612626769,9781612626765,"ATTACK ON TITAN, VOL. 10","Hajime Isayama"
1612626777,9781612626772,"ATTACK ON TITAN, VOL. 11","Hajime Isayama"
1612626785,9781612626789,"ATTACK ON TITAN, VOL. 12","Hajime Isayama"
1612626793,9781612626796,"ATTACK ON TITAN, VOL. 13","Hajime Isayama"
1612626807,9781612626802,"ATTACK ON TITAN, VOL. 14","Hajime Isayama"
1612629792,9781612629797,"ATTACK ON TITAN, VOL. 15","Hajime Isayama"
1612620256,9781612620251,"ATTACK ON TITAN, VOL. 2","Hajime Isayama"
1612620264,9781612620268,"ATTACK ON TITAN, VOL. 3","Hajime Isayama"
1612622534,9781612622538,"ATTACK ON TITAN, VOL. 4","Hajime Isayama"
1612622542,9781612622545,"ATTACK ON TITAN, VOL. 5","Hajime Isayama"
1612622550,9781612622552,"ATTACK ON TITAN, VOL. 6","Hajime Isayama"
1612622569,9781612622569,"ATTACK ON TITAN, VOL. 7","Hajime Isayama"
1612625479,9781612625478,"ATTACK ON TITAN, VOL. 8","Hajime Isayama"
1612625487,9781612625485,"ATTACK ON TITAN, VOL. 9","Hajime Isayama"
1612629105,9781612629100,"ATTACK ON TITAN: BEFORE THE FALL, VOL. 1","Hajime Isayama, Ryo Suzukaze and Satoshi Shiki"
1612629121,9781612629124,"ATTACK ON TITAN: BEFORE THE FALL, VOL. 2","Hajime Isayama, Ryo Suzukaze and Satoshi Shiki"
1612629148,9781612629148,"ATTACK ON TITAN: BEFORE THE FALL, VOL. 3","Hajime Isayama, Ryo Suzukaze, Satoshi Shiki"
1612629164,9781612629162,"ATTACK ON TITAN: JUNIOR HIGH, VOL. 1","Hajime Isayama and Saki Nakagawa"
1612629415,9781612629414,"ATTACK ON TITAN: NO REGRETS, VOL. 1","Gun Snark, Hikaru Suruga and Hajime Isayama"
1612629431,9781612629438,"ATTACK ON TITAN: NO REGRETS, VOL. 2","Gun Snark, Hikaru Suruga and Hajime Isayama"
142154136X,9781421541365,"BAKUMAN VOL. 12","Tsugumi Ohba"
1421535130,9781421535135,"BAKUMAN, VOL. 1","Tsugumi Ohba and Takeshi Obata"
None,9781421539959,"BAKUMAN, VOL. 10","Tsugumi Ohba"
1421541033,9781421541037,"BAKUMAN, VOL. 11","Tsugumi Ohba"
1421542080,9781421542089,"BAKUMAN, VOL. 13","Tsugumi Ohba"
1421542900,9781421542904,"BAKUMAN, VOL. 14","Tsugumi Ohba"
1421542919,9781421542911,"BAKUMAN, VOL. 15","Tsugumi Ohba"
1421542927,9781421542928,"BAKUMAN, VOL. 16","Tsugumi Ohba"
1421542935,9781421542935,"BAKUMAN, VOL. 17","Tsugumi Ohba"
1421542943,9781421542942,"BAKUMAN, VOL. 18","Tsugumi Ohba"
1421542951,9781421542959,"BAKUMAN, VOL. 19","Takeshi Obata"
1421535149,9781421535142,"BAKUMAN, VOL. 2","Takeshi Obata and Tsugumi Ohba"
1421553708,9781421553702,"BAKUMAN, VOL. 20","Tsugumi Ohba"
1421535157,9781421535159,"BAKUMAN, VOL. 3","Tsugumi Ohba and Takeshi Obata"
1421537931,9781421537931,"BAKUMAN, VOL. 4","Tsugumi Ohba and Takeshi Obata"
142153794X,9781421537948,"BAKUMAN, VOL. 5","Tsugumi Ohba"
1421538245,9781421538242,"BAKUMAN, VOL. 6","Tsugumi Ohba"
1421538881,9781421538884,"BAKUMAN, VOL. 7","Tsugumi Ohba"
142153889X,9781421538891,"BAKUMAN, VOL. 8","Tsugumi Ohba"
1421539586,9781421539584,"BAKUMAN, VOL. 9","Tsugumi Ohba"
None,9780316189439,"BAMBOO BLADE, VOL. 12","Masahiro Totsuka"
1421529181,9781421529189,"BATTLE ANGEL ALITA: LAST ORDER, VOL. 12","Yukito Kishiro"
1421533510,9781421533513,"BATTLE ANGEL ALITA: LAST ORDER, VOL. 13","Yukito Kishiro"
1421539217,9781421539218,"BATTLE ANGEL ALITA: LAST ORDER, VOL. 15","Yukito Kishiro"
1612622755,9781612622750,"BATTLE ANGEL ALITA: LAST ORDER, VOL. 16","Yukito Kishiro"
1612622968,9781612622965,"BATTLE ANGEL ALITA: LAST ORDER, VOL. 17","Yukito Kishiro"
1595825320,9781595825322,"BERSERK, VOL. 34","Kentaro Miura"
0316263893,9780316263894,"BIG HERO 6, VOL. 1","Haruki Ueno"
1421531852,9781421531854,"BIOMEGA, VOL. 2","Tsutomu Nihei"
1421532778,9781421532776,"BIOMEGA, VOL. 6","Tsutomu Nihei"
1421527642,9781421527642,"BLACK BIRD, VOL. 1","Kanoko Sakurakoji"
1421538431,9781421538433,"BLACK BIRD, VOL. 10","Kanoko Sakurakoji"
1421539373,9781421539379,"BLACK BIRD, VOL. 11","Kanoko Sakurakoji"
1421540525,9781421540528,"BLACK BIRD, VOL. 12","Kanoko Sakurakoji"
1421541777,9781421541778,"BLACK BIRD, VOL. 13","Kanoko Sakurakoji"
1421542757,9781421542751,"BLACK BIRD, VOL. 14","Kanoko Sakurakoji"
1421549212,9781421549217,"BLACK BIRD, VOL. 15","Kanoko Sakurakouji"
1421552434,9781421552439,"BLACK BIRD, VOL. 16","Kanoko Sakurakoji"
1421558904,9781421558905,"BLACK BIRD, VOL. 17","Kanoko Sakurakouji"
1421560097,9781421560090,"BLACK BIRD, VOL. 18","Kanoko Sakurakouji"
1421527650,9781421527659,"BLACK BIRD, VOL. 2","Kanoko Sakurakoji"
1421527669,9781421527666,"BLACK BIRD, VOL. 3","Kanoko Sakurakoji"
1421527677,9781421527673,"BLACK BIRD, VOL. 4","Kanoko Sakurakoji"
1421527685,9781421527680,"BLACK BIRD, VOL. 5","Kanoko Sakurakoji"
142153066X,9781421530666,"BLACK BIRD, VOL. 6","Kanoko Sakurakoji"
1421533111,9781421533117,"BLACK BIRD, VOL. 7","Kanoko Sakurakoji"
1421535807,9781421535807,"BLACK BIRD, VOL. 8","Kanoko Sakurakoji"
1421537745,9781421537740,"BLACK BIRD, VOL. 9","Kanoko Sakurakoji"
0316080845,9780316080842,"BLACK BUTLER, VOL. 1","Yana Toboso"
031618988X,9780316189880,"BLACK BUTLER, VOL. 10","Yana Toboso"
0316225339,9780316225335,"BLACK BUTLER, VOL. 11","Yana Toboso"
0316225347,9780316225342,"BLACK BUTLER, VOL. 12","Yana Toboso"
None,9780316244299,"BLACK BUTLER, VOL. 13","Yana Toboso"
0316244309,9780316244305,"BLACK BUTLER, VOL. 14","Yana Toboso"
0316254193,9780316254199,"BLACK BUTLER, VOL. 15","Yana Toboso"
0316369020,9780316369022,"BLACK BUTLER, VOL. 16","Yana Toboso"
0316376701,9780316376709,"BLACK BUTLER, VOL. 17","Yana Toboso"
031633622X,9780316336222,"BLACK BUTLER, VOL. 18","Yana Toboso"
0316259403,9780316259408,"BLACK BUTLER, VOL. 19","Yana Toboso"
0316084255,9780316084253,"BLACK BUTLER, VOL. 2","Yana Toboso"
0316084263,9780316084260,"BLACK BUTLER, VOL. 3","Yana Toboso"
031608428X,9780316084284,"BLACK BUTLER, VOL. 4","Yana Toboso"
0316084298,9780316084291,"BLACK BUTLER, VOL. 5","Yana Toboso"
0316084301,9780316084307,"BLACK BUTLER, VOL. 6","Yana Toboso"
0316189634,9780316189637,"BLACK BUTLER, VOL. 7","Yana Toboso"
0316189650,9780316189651,"BLACK BUTLER, VOL. 8","Yana Toboso"
0316189677,9780316189675,"BLACK BUTLER, VOL. 9","Yana Toboso"
0345485904,9780345485908,"BLACK CAT, VOLUME 20","Kentaro Yabuki"
0316189626,9780316189620,"BLACK GOD, VOL. 15","Dall-Young Lim and Sung-Woo Park"
1935654012,9781935654018,"BLACK JACK, VOL. 16","Osamu Tezuka"
193565411X,9781935654117,"BLACK JACK, VOL. 17","Osamu Tezuka"
1421536293,9781421536293,"BLACK LAGOON, VOL. 9","Rei Hiroe"
1421539934,9781421539935,"BLEACH (3-IN-1 EDITION), VOL. 2","Tite Kubo"
142152810X,9781421528106,"BLEACH,  VOL. 32","Tite Kubo"
1421523876,9781421523873,"BLEACH, VOL.  29","Tite Kubo"
0345485904,9780345485908,"BLEACH, VOL. 27","Tite Kubo"
1421523868,9781421523866,"BLEACH, VOL. 28","Tite Kubo"
1421523884,9781421523880,"BLEACH, VOL. 30","Tite Kubo"
1421528096,9781421528090,"BLEACH, VOL. 31","Tite Kubo"
1421528126,9781421528120,"BLEACH, VOL. 34","Tite Kubo"
142153312X,9781421533124,"BLEACH, VOL. 35","Tite Kubo"
1421533138,9781421533131,"BLEACH, VOL. 36","Tite Kubo"
1421543028,9781421543024,"BLEACH, VOL. 36","Tite Kubo"
1421533146,9781421533148,"BLEACH, VOL. 37","Tite Kubo"
1421535971,9781421535975,"BLEACH, VOL. 38","Tite Kubo"
142153598X,9781421535982,"BLEACH, VOL. 39","Tite Kubo"
1421541378,9781421541372,"BLEACH, VOL. 40","Tite Kubo"
1421541386,9781421541389,"BLEACH, VOL. 41","Tite Kubo"
1421541394,9781421541396,"BLEACH, VOL. 42","Tite Kubo"
142154296X,9781421542966,"BLEACH, VOL. 43","Tite Kubo"
1421542978,9781421542973,"BLEACH, VOL. 44","Tite Kubo"
1421542986,9781421542980,"BLEACH, VOL. 45","Tite Kubo"
1421542994,9781421542997,"BLEACH, VOL. 46","Tite Kubo"
1421543001,9781421543000,"BLEACH, VOL. 47","Tite Kubo"
142154301X,9781421543017,"BLEACH, VOL. 48","Tite Kubo"
1421543036,9781421543031,"BLEACH, VOL. 50","Tite Kubo"
1421543044,9781421543048,"BLEACH, VOL. 51","Tite Kubo"
1421543052,9781421543055,"BLEACH, VOL. 52","Tite Kubo"
1421549492,9781421549491,"BLEACH, VOL. 53","Tite Kubo"
1421551381,9781421551388,"BLEACH, VOL. 54","Tite Kubo"
1421552361,9781421552361,"BLEACH, VOL. 55","Tite Kubo"
1421554763,9781421554761,"BLEACH, VOL. 56","Tite Kubo"
None,9781421558820,"BLEACH, VOL. 57","Tite Kubo"
1421561352,9781421561356,"BLEACH, VOL. 58","Tite Kubo"
1421562375,9781421562377,"BLEACH, VOL. 59","Tite Kubo"
1421564580,9781421564586,"BLEACH, VOL. 60","Tite Kubo"
1421573830,9781421573830,"BLEACH, VOL. 61","Tite Kubo"
1421576813,9781421576817,"BLEACH, VOL. 62","Tite Kubo"
1935934104,9781935934103,"BLOOD ALONE, VOL. 5","Masayuki Takano"
0316228958,9780316228954,"BLOOD LAD, VOL. 1","Yuuki Kodama"
0316228982,9780316228985,"BLOOD LAD, VOL. 2","Yuuki Kodama"
0316250929,9780316250924,"BLOOD LAD, VOL. 3","Yuuki Kodama"
0316369055,9780316369053,"BLOOD LAD, VOL. 4","Yuuki Kodama"
0316376728,9780316376723,"BLOOD LAD, VOL. 5","Yuuki Kodama"
1427815798,9781427815798,"BLOODY KISS, VOL. 1","Kazuko Furumiya"
1935429248,9781935429241,"BLOODY MONDAY, VOL. 3","Ryou Ryumon"
1612620418,9781612620411,"BLOODY MONDAY, VOL. 5","Ryou Ryumon"
1612620426,9781612620428,"BLOODY MONDAY, VOL. 6","Ryou Ryumon"
1612620442,9781612620442,"BLOODY MONDAY, VOL. 8","Ryou Ryumon"
1421540320,9781421540320,"BLUE EXORCIST, VOL. 1","Kazue Kato"
1421558866,9781421558868,"BLUE EXORCIST, VOL. 10","Kazue Kato"
1421565471,9781421565477,"BLUE EXORCIST, VOL. 11","Kazue Kato"
1421540339,9781421540337,"BLUE EXORCIST, VOL. 2","Kato Kazue"
1421540347,9781421540344,"BLUE EXORCIST, VOL. 3","Kazue Kato"
1421540479,9781421540474,"BLUE EXORCIST, VOL. 4","Kazue Kato"
1421540762,9781421540764,"BLUE EXORCIST, VOL. 5","Kazue Kato"
1421541742,9781421541747,"BLUE EXORCIST, VOL. 6","Kazue Kato"
1421542625,9781421542621,"BLUE EXORCIST, VOL. 7","Kazue Kato"
1421550849,9781421550848,"BLUE EXORCIST, VOL. 8","Kazue Kato"
1421554771,9781421554778,"BLUE EXORCIST, VOL. 9","Kazue Kato"
1935654209,9781935654209,"BOOK OF HUMAN INSECTS","Osamu Tezuka"
None,9780316210331,"BUNNY DROP, VOL. 5","Yumi Unita"
1421532069,9781421532066,"BUTTERFLIES, FLOWERS, VOL. 4","Yuki Yoshihara"
1421535815,9781421535814,"BUTTERFLIES, FLOWERS, VOL. 8","Yuki Yoshihara"
2765408963,9782765408963,"Black Cat, Vol. 19","Kentaro Yabuki"
6131798052,9786131798054,"Bleach, Vol. 26","Tite Kubo"
1612622593,9781612622590,"CAGE OF EDEN, VOL. 10","Yashinobu Yamada"
1612620493,9781612620497,"CAGE OF EDEN, VOL. 5","Yoshinobu Yamada"
1612620507,9781612620503,"CAGE OF EDEN, VOL. 6","Yoshinobu Yamada"
1421521598,9781421521596,"CAPTIVE HEARTS, VOL. 5","Matsuri Hino"
1421528878,9781421528878,"CASE CLOSED, VOL. 36","Gosho Aoyama"
1421528894,9781421528892,"CASE CLOSED, VOL. 38","Gosho Aoyama"
1421536072,9781421536071,"CASE CLOSED, VOL. 41","Gosho Aoyama"
1935654217,9781935654216,"CHI'S SWEET HOME, VOL. 7","Konami Kanata"
193565442X,9781935654421,"CHI'S SWEET HOME, VOL. 9","Konami Kanata"
1439576084,9781439576083,"CHIBI VAMPIRE 13","Yuna Kagesaki"
1427825513,9781427825513,"CHIBI VAMPIRE AIRMAIL","Yuna Kagesaki"
1427816255,9781427816252,"CHIBI VAMPIRE, VOL. 14","Yuna Kagesaki"
1934287857,9781934287859,"CHI’S SWEET HOME, VOL. 2","Kanata Konami"
1934287911,9781934287910,"CHI’S SWEET HOME, VOL. 3","Kanata Konami"
1935654357,9781935654353,"CHI’S SWEET HOME, VOL. 8","Konami Kanata"
1626921407,9781626921405,"CITRUS, VOL. 1",Saburouta
1421537966,9781421537962,"CLAYMORE, VOL. 17","Norihiro Yagi"
1421542110,9781421542119,"CLAYMORE, VOL. 17","Norihiro Yagi"
1421539357,9781421539355,"CLAYMORE, VOL. 18","Norihiro Yagi"
1421540789,9781421540788,"CLAYMORE, VOL. 19","Norihiro Yagi"
0316200980,9780316200981,"CLOCKWORK ANGEL","Cassandra Clare"
1604962038,9781604962031,"CODE GEASS MANGA, Vol. 3","Goro Taniguichi"
1935429779,9781935429777,"CODENAME: SAILOR V, Vol. 1","Naoko Takeuchi"
1935429787,9781935429784,"CODENAME: SAILOR, VOL. 2","Naoko Takeuchi"
1421564238,9781421564234,"CRIMSON SPELL, VOL. 3","Ayano Yamane"
1421564246,9781421564241,"CRIMSON SPELL, VOL. 4","Ayano Yamane"
1421567652,9781421567655,"CRIMSON SPELL, VOL. 5","Ayano Yamane"
1439578710,9781439578711,"D. GRAY-MAN 13","Katsura Hoshino"
142152600X,9781421526003,"D. GRAY-MAN, VOL. 14","Katsura Hoshino"
142152774X,9781421527741,"D. GRAY-MAN, VOL. 15","Katsura Hoshino"
1421530384,9781421530383,"D. GRAY-MAN, VOL. 16","Katsura Hoshino"
1421531607,9781421531601,"D. GRAY-MAN, VOL. 17","Katsura Hoshino"
1421535432,9781421535432,"D. GRAY-MAN, VOL. 18","Katsura Hoshino"
1421539195,9781421539195,"D. GRAY-MAN, VOL. 20","Katsura Hoshino"
1421540770,9781421540771,"D. GRAY-MAN, VOL. 21","Katsura Hoshino"
1421542102,9781421542102,"D. GRAY-MAN, VOL. 21","Katsura Hoshino"
1427815933,9781427815934,"D. N. ANGEL, VOL. 12","Yukiru Sugisaki"
1427816263,9781427816269,"D. N. ANGEL, VOL. 13","Yukiru Sugisaki"
1421537737,9781421537733,"D.GRAY-MAN, VOL. 19","Katsura Hoshino"
1934876550,9781934876558,"DANCE IN THE VAMPIRE BUND, VOL. 10","Nozomu Tamaki"
193593404X,9781935934042,"DANCE IN THE VAMPIRE BUND, VOL. 11","Nozomu Tamaki"
1935934724,9781935934721,"DANCE IN THE VAMPIRE BUND, VOL. 12","Nozomu Tamaki"
1937867021,9781937867027,"DANCE IN THE VAMPIRE BUND, VOL. 13","Nozomu Tamaki"
None,9781937867263,"DANCE IN THE VAMPIRE BUND, VOL. 14","Nozomu Tamaki"
1934876801,9781934876800,"DANCE IN THE VAMPIRE BUND, VOL. 7","Nozomu Tamaki"
193487681X,9781934876817,"DANCE IN THE VAMPIRE BUND, VOL. 8","Nozomu Tamaki"
1934876879,9781934876879,"DANCE IN THE VAMPIRE BUND, VOL. 9","Nozomu Tamaki"
1626920516,9781626920514,"DANCE IN THE VAMPIRE BUND: FORGOTTEN TALES","Nozomu Tamaki"
1421541041,9781421541044,"DAWN OF THE ARCANA, VOL. 1","Rei Toma"
1421541076,9781421541075,"DAWN OF THE ARCANA, VOL. 4","Rei Toma"
1421542137,9781421542133,"DAWN OF THE ARCANA, VOL. 5","Rei Toma"
1421549204,9781421549200,"DAWN OF THE ARCANA, VOL. 9","Rei Toma"
1421555484,9781421555485,"DEADMAN WONDERLAND, VOL. 1","Jinsei Katoka and Kazuma Kondou"
1421564106,9781421564104,"DEADMAN WONDERLAND, VOL. 2","Jinsei Katoka and Kazuma Kondou"
142781743X,9781427817433,"DEADMAN WONDERLAND, VOL. 3","Jinsei Kataoka"
1421564122,9781421564128,"DEADMAN WONDERLAND, VOL. 4","Jinsei Katoka and Kazuma Kondou"
1421564130,9781421564135,"DEADMAN WONDERLAND, VOL. 5","Jinsei Kataoka"
1421564149,9781421564142,"DEADMAN WONDERLAND, VOL. 6","Jinsei Kataoka and Kazuma Kondou"
1421564157,9781421564159,"DEADMAN WONDERLAND, VOL. 7","Jinsei Kataoka and Kazuma Kondou"
1421539659,9781421539652,"DEATH NOTE BLACK EDITION, VOL. 2","Tsugumi Ohba and Takeshi Obata"
1421539683,9781421539683,"DEATH NOTE BLACK EDITION, VOL. 5","Tsugumi Ohba"
1421539640,9781421539645,"DEATH NOTE BLACK, VOL. 1","Tsugumi Ohba and Takeshi Obata"
1421501686,9781421501680,"DEATH NOTE, VOL. 1","Tsugumi Ohba and Takeshi Obata"
1421539691,9781421539690,"DEATH NOTE: BLACK EDITION, VOL. 6","Tsugumi Ohba"
1421532255,9781421532257,"DEATH NOTE: L, CHANGE THE WORLD",M
1421550776,9781421550770,"DEMON LOVE SPELL, VOL. 2","Mayu Shinjo"
1421553651,9781421553658,"DEMON LOVE SPELL, VOL. 4","Mayu Shinjo"
1421553740,9781421553740,"DEMON LOVE SPELL, VOL. 5","Mayu Shinjo"
1421552426,9781421552422,"DENGEKI DAISY, VOL. 12","Kyousuke Motomi"
1421537281,9781421537283,"DENGEKI DAISY, VOL. 2","Kyousuke Motomi"
142153729X,9781421537290,"DENGEKI DAISY, VOL. 3","Kyousuke Motomi"
1421537303,9781421537306,"DENGEKI DAISY, VOL. 4","Kyousuke Motomi"
1421537397,9781421537399,"DENGEKI DAISY, VOL. 5","Kyousuke Motomi"
1421538261,9781421538266,"DENGEKI DAISY, VOL. 6","Kyousuke Motomi"
1421539977,9781421539973,"DENGEKI DAISY, VOL. 8","Kyousuke Motomi"
162692032X,9781626920323,"DEVILS AND REALIST, VOL. 1","Madoka Takadono and Utako Yukihiro"
1937867943,9781937867942,"DICTATORIAL GRIMOIRE, VOL. 2","Ayumi Kanou"
1421527812,9781421527819,"DOGS, VOL. 3","Shirow Miwa"
1421534355,9781421534350,"DOGS, VOL. 4","Shirow Miwa"
1421538776,9781421538778,"DOGS, VOL. 5","Shirow Miwa"
1421541726,9781421541723,"DOGS, VOL. 6","Shirow Miwa"
1421527030,9781421527031,"DOGS: BULLETS AND CARNAGE, VOL. 1","Shirow Miwa"
1421533790,9781421533797,"DOROHEDORO, VOL. 5","Q Hayashida"
1421533804,9781421533803,"DOROHEDORO, VOL. 6","Q Hayashida"
0316245305,9780316245302,"DOUBT, VOL. 1","Yoshiki Tonogai"
0316245313,9780316245319,"DOUBT, VOL. 2","Yoshiki Tonogai"
1421520710,9781421520711,"DRAGON BALL Z, VOL. 8 (VIZBIG EDITION)","Akira Toriyama"
1626920044,9781626920040,"DRAGONAR ACADEMY, VOL. 1","Shiki Mizuchi and Ran"
1626920168,9781626920163,"DRAGONAR ACADEMY, VOL. 2","Shiki Mizuchi and Ran"
1626920451,9781626920453,"DRAGONAR ACADEMY, VOL. 3","Shiki Mizuchi and Ran"
162692113X,9781626921139,"DRAGONAR ACADEMY, VOL. 5","Shiki Mizuchi"
1935654276,9781935654278,"DROPS OF GOD, VOL. 1","Tadashi Agi"
0316335878,9780316335874,"DURARARA!! YELLOW SCARVES ARC, VOL. 1","Ryohgo Narita and Akiyo Satorigi"
0316204900,9780316204903,"DURARARA!!, VOL. 1","Ryohgo Narita and Akiyo Satorigi"
0316209317,9780316209311,"DURARARA!!, VOL. 2","Ryohgo Narita"
0316209325,9780316209328,"DURARARA!!, VOL. 3","Ryohgo Narita"
0316209333,9780316209335,"DURARARA, VOL. 4","Ryohgo Narita"
0316245321,9780316245326,"DURARARA: SAIKA ARC, VOL. 1","Ryohgo Narita"
0316250945,9780316250948,"DURARARA: SAIKA ARC, VOL. 2","Ryohgo Narita and Akiyo Satorigi"
0316369012,9780316369015,"DURARARA: SAIKA ARC, VOL. 3","Ryohgo Narita and Akiyo Satorigi"
1421536412,9781421536415,"EXCEL SAGA, VOL. 23","Rikdo Koshi"
2765408939,9782765408932,"Eden, Vol. 11","Hiroki Endo"
1612620582,9781612620589,"FAIRY TAIL 21","Hiro Mashima"
1612624073,9781612624075,"FAIRY TAIL, 30","Hiro Mashima"
0345514572,9780345514578,"FAIRY TAIL, VOL. 10","Hiro Mashima"
0345519922,9780345519924,"FAIRY TAIL, VOL. 11","Hiro Mashima"
0345519930,9780345519931,"FAIRY TAIL, VOL. 12","Hiro Mashima"
1612622836,9781612622835,"FAIRY TAIL, VOL. 12","Hiro Mashima"
1935429329,9781935429326,"FAIRY TAIL, VOL. 13","Hiro Mashima"
1935429345,9781935429340,"FAIRY TAIL, VOL. 15","Hiro Mashima"
1935429353,9781935429357,"FAIRY TAIL, VOL. 16","Hiro Mashima"
161262054X,9781612620541,"FAIRY TAIL, VOL. 17","Hiro Mashima"
1612620558,9781612620558,"FAIRY TAIL, VOL. 18","Hiro Mashima"
1612620566,9781612620565,"FAIRY TAIL, VOL. 19","Hiro Mashima"
1612620574,9781612620572,"FAIRY TAIL, VOL. 20","Hiro Mashima"
1612620604,9781612620602,"FAIRY TAIL, VOL. 23","Hiro Mashima"
1612622666,9781612622668,"FAIRY TAIL, VOL. 24","Hiro Mashima"
1612622674,9781612622675,"FAIRY TAIL, VOL. 25","Hiro Mashima"
1612622682,9781612622682,"FAIRY TAIL, VOL. 26","Hiro Mashima"
1612622690,9781612622699,"FAIRY TAIL, VOL. 27","Hiro Mashima"
1612622704,9781612622705,"FAIRY TAIL, VOL. 28","Hiro Mashima"
1612624103,9781612624105,"FAIRY TAIL, VOL. 33","Hiro Mashima"
1612624111,9781612624112,"FAIRY TAIL, VOL. 34","Hiro Mashima"
161262412X,9781612624129,"FAIRY TAIL, VOL. 35","Hiro Mashima"
1612624324,9781612624327,"FAIRY TAIL, VOL. 36","Hiro Mashima"
1612624332,9781612624334,"FAIRY TAIL, VOL. 37","Hiro Mashima"
1612624340,9781612624341,"FAIRY TAIL, VOL. 38","Hiro Mashima"
1612624162,9781612624167,"FAIRY TAIL, VOL. 39","Hiro Mashima"
1612624170,9781612624174,"FAIRY TAIL, VOL. 40","Hiro Mashima"
1612624375,9781612624372,"FAIRY TAIL, VOL. 41","Hiro Mashima"
1612625614,9781612625614,"FAIRY TAIL, VOL. 42","Hiro Mashima"
1612625622,9781612625621,"FAIRY TAIL, VOL. 43","Hiro Mashima"
1612625630,9781612625638,"FAIRY TAIL, VOL. 44","Hiro Mashima"
1612625649,9781612625645,"FAIRY TAIL, VOL. 45","Hiro Mashima"
1612627978,9781612627977,"FAIRY TAIL, VOL. 46","Hiro Mashima"
1569701881,9781569701881,"FINDER, VOL. 3","Ayano Yamane"
156970273X,9781569702734,"FINDER, VOL. 6","Ayano Yamane"
1569703337,9781569703335,"FINDER, VOL. 7","Ayano Yamane"
1935654462,9781935654469,"FLOWERS OF EVIL, VOL. 1","Shuzo Oshimi"
1935654489,9781935654483,"FLOWERS OF EVIL, VOL. 3","Shuzo Oshimi"
1421540681,9781421540689,"FLUFFY, FLUFFY CINNAMOROLL, VOL. 3","Yumi Tsukirino"
1421572540,9781421572543,"FOOD WARS!, VOL. 1","Yuto Tsukudo and Shun Saeki"
1421572559,9781421572550,"FOOD WARS!, VOL. 2","Yuto Tsukuda and Shun Saeki"
1421572567,9781421572567,"FOOD WARS!, VOL. 3","Yuto Tsukuda and Shun Saeki"
1421572575,9781421572574,"FOOD WARS!, VOL. 4","Yuto Tsukuda and Shun Saeki"
292154864X,9782921548649,"FRUIT BASKETS, Vol. 22","Natsuki Takaya"
1427808279,9781427808271,"FRUITS BASKET, VOL. 23","Natsuki Takaya"
1427817987,9781427817983,"FRUITS BASKET: BANQUET","Takaya Natsuki"
1421540193,9781421540191,"FULLMETAL ALCHEMIST (3-IN-1 EDITION), VOL. 2","Hiromu Arakawa"
1439576149,9781439576144,"FULLMETAL ALCHEMIST 18","Hiromu Arakawa"
1421525682,9781421525686,"FULLMETAL ALCHEMIST, VOL. 19","Hiromu Arakawa"
1421530341,9781421530345,"FULLMETAL ALCHEMIST, VOL. 20","Hiromu Arakawa"
1421532328,9781421532325,"FULLMETAL ALCHEMIST, VOL. 21","Hiromu Arakawa"
1421534134,9781421534138,"FULLMETAL ALCHEMIST, VOL. 22","Hiromu Arakawa"
1421536307,9781421536309,"FULLMETAL ALCHEMIST, VOL. 23","Hiromu Arakawa"
1421538121,9781421538129,"FULLMETAL ALCHEMIST, VOL. 24","Hiromu Arakawa"
1421539241,9781421539249,"FULLMETAL ALCHEMIST, VOL. 25","Hiromu Arakawa"
1421539624,9781421539621,"FULLMETAL ALCHEMIST, VOL. 26","Hiromu Arakawa"
1421539845,9781421539843,"FULLMETAL ALCHEMIST, VOL. 27","Hiromu Arakawa"
1421573482,9781421573489,"GANGSTA., VOL. 5",Kohske
292154864X,9782921548649,"GANTZ VOLUME 4","Hiroya Oku"
1935429361,9781935429364,"GENSHIKEN, OMNIBUS 1","Shimoku Kio"
1612622372,9781612622378,"GENSHIKEN: SECOND SEASON, VOL. 1","Shimoku Kio"
1935429868,9781935429869,"GHOST IN THE SHELL: STAND ALONE COMPLEX, VOL. 2","Yu Kinutani"
1612620949,9781612620947,"GHOST IN THE SHELL: STAND ALONE COMPLEX, VOL. 3","Yu Kinutani"
1612620957,9781612620954,"GHOST IN THE SHELL: STAND ALONE COMPLEX, VOL. 4","Yu Kinutani"
1935934899,9781935934899,"GIRL FRIENDS: THE COMPLETE COLLECTION, VOL. 1","Morinaga Milk"
1937867099,9781937867096,"GIRL FRIENDS: THE COMPLETE COLLECTION, VOL. 2","Morinaga Milk"
193542940X,9781935429401,"GON, VOL. 2","Masashi Tanaka"
None,9781932234756,"GTO: THE EARLY YEARS, VOL. 11","Tohru Fujisawa"
1932234861,9781932234862,"GTO: THE EARLY YEARS, VOL. 12","Tohru Fujisawa"
1932234926,9781932234923,"GTO: THE EARLY YEARS, VOL. 12","Tohru Fujisawa"
None,9781935934141,"GUNSLINGER GIRL, OMNIBUS VOL. 4","Yu Aida"
1937867072,9781937867072,"GUNSLINGER GIRL, OMNIBUS VOL. 6","Yu Aida"
"","","Gentlemen’s Alliance, Vol. 9","Arina Tanemura"
1626920354,9781626920354,"HAGANAI, I DON'T HAVE MANY FRIENDS VOL. 7","Yomi Hirasaka and Itachi"
1937867307,9781937867300,"HAGANAI, I DON'T HAVE MANY FRIENDS, VOL. 3","Yomi Hirasaka and Itachi"
162692077X,9781626920774,"HAGANAI, I DON'T HAVE MANY FRIENDS, VOL. 9","Yomi Hirasaka and Itachi"
1937867129,9781937867126,"HAGANAI, VOL. 1","Yomi Hirasaka and Itachi"
193786717X,9781937867171,"HAGANAI: I DON'T HAVE MANY FRIENDS, VOL. 2","Yomi Hirasaka and Itachi"
1421559412,9781421559414,"HAPPY MARRIAGE?! VOL. 8","Maki Enjoji"
0316336661,9780316336666,"HE'S MY ONLY VAMPIRE, VOL. 1","Aya Shouoto"
1595824987,9781595824981,"HELLSING, VOL. 10","Kohta Hirano"
1427818762,9781427818768,"HETALIA AXIS POWERS, VOL. 1","Hidekaz Himaruya"
1427818878,9781427818874,"HETALIA AXIS POWERS, VOL. 2","Hidekaz Himaruya"
0316407364,9780316407366,"HIGH SCHOOL DXD, VOL. 1","Ichiei Ishibumi and Hiroji Mishima"
0316376825,9780316376822,"HIGH SCHOOL DXD, VOL. 2","Ichiei Ishibumi and Hiroji Mishima"
0316334847,9780316334846,"HIGH SCHOOL DXD, VOL. 4","Hiroji Mishima, Ichiei Ishibumi and Zero Miyama"
031613239X,9780316132398,"HIGH SCHOOL OF THE DEAD, VOL. 2","Daisuke Sato and Shouji Sato"
0316132454,9780316132459,"HIGH SCHOOL OF THE DEAD, VOL. 4","Daisuke Sato and Shouji Sato"
0316132462,9780316132466,"HIGHSCHOOL OF THE DEAD, VOL. 5","Daisuke Sato and Shouji Sato"
0316209430,9780316209434,"HIGHSCHOOL OF THE DEAD, VOL. 6","Daisuke Sato"
0316209449,9780316209441,"HIGHSCHOOL OF THE DEAD, VOL. 7","Daisuke Sato"
0316123846,9780316123846,"HIGURASHI WHEN THEY CRY, ATONEMENT ARC, VOL. 1",Ryukishi07
031622541X,9780316225410,"HIGURASHI WHEN THEY CRY, MASSACRE ARC, VOL. 1",Ryukishi07
0316123854,9780316123853,"HIGURASHI WHEN THEY CRY, VOL. 16","Karin Ryukishi07"
0316123781,9780316123785,"HIGURASHI WHEN THEY CRY: EYE OPENING ARC, VOL. 2",Ryukishi07
0759529884,9780759529885,"HIGURASHI: WHEN THEY CRY, VOL. 2","Ryukishi07 and Jiro Suzuki"
0759529868,9780759529861,"HIGURASHI: WHEN THEY CRY, VOL. 2","Ryukishi07 and Yutori Houjyou"
1421543435,9781421543437,"HONEY DARLING, VOL. 1","Norikazu Akira"
142153214X,9781421532141,"HOUSE OF FIVE LEAVES, VOL. 5","Natsume Ono"
None,9781421535425,"HOUSE OF FIVE LEAVES, VOL. 6","Natsume Ono"
1421542021,9781421542027,"HOUSE OF FIVE LEAVES, VOL. 8","Natsume Ono"
1935429434,9781935429432,"I AM HERE!, VOL. 2","Ema Toyama"
0316243132,9780316243131,"INU X BOKU SS, VOL. 1","Cocoa Fujiwara"
0316322091,9780316322096,"INU X BOKU SS, VOL. 3","Cocoa Fujiwara"
292154864X,9782921548649,"INUYASHA, VOL. 38","Rumiko Takahashi"
1421528908,9781421528908,"INUYASHA, VOL. 40","Rumiko Takahashi"
1421529971,9781421529974,"INUYASHA, VOL. 47","Rumiko Takahashi"
142152998X,9781421529981,"INUYASHA, VOL. 48","Rumiko Takahashi"
1421530007,9781421530000,"INUYASHA, VOL. 50","Rumiko Takahashi"
1421530023,9781421530024,"INUYASHA, VOL. 52","Rumiko Takahashi"
1421530031,9781421530031,"INUYASHA, VOL. 53","Rumiko Takahashi"
142153004X,9781421530048,"INUYASHA, VOL. 54","Rumiko Takahashi"
1421530058,9781421530055,"INUYASHA, VOL. 55","Rumiko Takahashi"
031624533X,9780316245333,"IS THIS A ZOMBIE, VOL. 4","Shinichi Kimura and Sacchi"
None,9780316210362,"IS THIS A ZOMBIE?, VOL. 1","Shinichi Kimura"
0316210382,9780316210386,"IS THIS A ZOMBIE?, VOL. 3","Shinichi Kimura and Sacchi"
0316252719,9780316252713,"IS THIS A ZOMBIE?, VOL. 5","Shinichi Kimura and Sacchi"
0316207845,9780316207843,"JACK FROST, VOL. 6","JinHo Ko"
1421578794,9781421578798,"JOJO'S BIZARRE ADVENTURES: PHANTOM BLOOD, VOL. 1","Hirohiko Araki"
1421540878,9781421540870,"JORMUNGAND, VOL. 8","Keitaro Takahashi"
0316252662,9780316252669,"JUDGE, VOL. 1","Yoshiki Tonogai"
0316240338,9780316240338,"JUDGE, VOL. 3","Yoshiki Tonogai"
0316240346,9780316240345,"JUDGE, VOL. 4","Yoshiki Tonogai"
0316240362,9780316240369,"JUDGE, VOL. 6","Yoshiki Tonogai"
1427815216,9781427815217,"JUNJO ROMANTICA, VOL. 10","Shungiku Nakamura"
1427817898,9781427817891,"JUNJO ROMANTICA, VOL. 12","Shungiki Nakamura"
031625424X,9780316254243,"K-ON! HIGH SCHOOL",Kakifly
0316119334,9780316119337,"K-ON!, VOL. 1",Kakifly
0316119407,9780316119405,"K-ON!, VOL. 2",Kakifly
0316188352,9780316188357,"K-ON!, VOL. 4",Kakifly
0316187623,9780316187626,"K-ON, VOL. 3",kakifly
1421542692,9781421542690,"KAMISAMA KISS, VOL. 10","Julietta Suzuki"
1421555867,9781421555867,"KAMISAMA KISS, VOL. 14","Julietta Suzuki"
1421563088,9781421563084,"KAMISAMA KISS, VOL. 15","Julietta Suzuki"
1421567644,9781421567648,"KAMISAMA KISS, VOL. 16","Julietta Suzuki"
1421577259,9781421577258,"KAMISAMA KISS, VOL. 17","Julietta Suzuki"
1421538237,9781421538235,"KAMISAMA KISS, VOL. 5","Julietta Suzuki"
1421540258,9781421540252,"KAMISAMA KISS, VOL. 7","Julietta Suzuki"
None,9781421540825,"KAMISAMA KISS, VOL. 8","Julietta Suzuki"
142154198X,9781421541983,"KAMISAMA KISS, VOL. 9","Julietta Suzuki"
1604962674,9781604962673,"KANNAGI, VOL. 1","Eri Takenashi"
1421531321,9781421531328,"KARAKURIDOJI ULTIMO, VOL. 1","Stan Lee and Hiroyuki Takei"
1421538229,9781421538228,"KIMI NI TODOKE: FROM ME TO YOU, VOL. 10","Karuho Shiina"
1421531763,9781421531762,"KIMI NI TODOKE: FROM ME TO YOU, VOL. 8","Karuho Shiina"
0316401188,9780316401180,"KINGDOM HEARTS 358/2 DAYS, VOL. 1","Shiro Amano"
0316401196,9780316401197,"KINGDOM HEARTS 358/2 DAYS, VOL. 2","Shiro Amano"
031640120X,9780316401203,"KINGDOM HEARTS 358/2 DAYS, VOL. 3","Shiro Amano"
0316286761,9780316286763,"KINGDOM HEARTS 358/2 DAYS, VOL. 4","Shiro Amano"
0316401145,9780316401142,"KINGDOM HEARTS II, VOL. 1","Shiro Amano"
0316401153,9780316401159,"KINGDOM HEARTS II, VOL. 2","Shiro Amano"
0316288799,9780316288798,"KINGDOM HEARTS II, VOL. 3","Shiro Amano"
0316255629,9780316255622,"KINGDOM HEARTS, CHAIN OF MEMORIES","Shiro Amano"
0316254207,9780316254205,"KINGDOM HEARTS, CHAIN OF MEMORIES","Shiro Amano"
0316254207,9780316254205,"KINGDOM HEARTS, FINAL MIX, VOL. 1","Shiro Amano"
1421533685,9781421533681,"KINGYO USED BOOKS, VOL. 4","Seimu Yoshizaki"
1935429450,9781935429456,"KITCHEN PRINCESS OMNIBUS, VOL. 2","Miyuki Kobayashi and Natsumi Ando"
0345510275,9780345510273,"KITCHEN PRINCESS, VOL. 10","Miyuki Kobayashi and Natsumi Ando"
0316085367,9780316085366,"KOBATO, VOL. 1",Clamp
1421536897,9781421536897,"LIBRARY WARS, VOL. 4","Hiro Arikawa"
1421539772,9781421539775,"LIBRARY WARS: LOVE & WAR, VOL. 6","Hiro Arikawa"
1421541238,9781421541235,"LIBRARY WARS: LOVE & WAR, VOL. 7","Kiiro Yumi"
1421542684,9781421542683,"LIBRARY WARS: LOVE AND WAR, VOL. 8","Kiiro Yumi"
1616551348,9781616551346,"LONE WOLF AND CUB OMNIBUS VOL. 1","Kazuo Koike and Goseki Kojima"
1612620213,9781612620213,"LOVE HINA OMNIBUS, VOL. 4","Ken Akamatsu"
1612620205,9781612620206,"LOVE HINA, OMNIBUS VOL. 3","Ken Akamatsu"
1421549905,9781421549903,"LOVELESS VOL. 1, 2-IN-1","Yun Kouga"
1421543257,9781421543253,"LOVELESS, VOL. 10","Yun Kouga"
1421553813,9781421553818,"LOVELESS, VOL. 11","Yun Kouga"
1421573490,9781421573496,"LOVELESS, VOL. 12","Yun Kouga"
1421543249,9781421543246,"LOVELESS, VOL. 9","Yun Kouga"
1421549913,9781421549910,"LOVELESS: 2-IN-1, VOL. 2","Yun Kouga"
1421549921,9781421549927,"LOVELESS: 2-IN-1, VOL. 3","Yun Kouga"
142154993X,9781421549934,"LOVELESS: 2-IN-1, VOL. 4","Yun Kouga"
1604961120,9781604961126,"LUCKY STAR MANGA, VOL. 1","Kagami Yoshimizu"
142155951X,9781421559513,"MAGI: THE LABYRINTH OF MAGIC, VOL. 1","Shinobu Otaka"
1421559552,9781421559551,"MAGI: THE LABYRINTH OF MAGIC, VOL. 5","Shinobu Ohtaka"
1595826696,9781595826695,"MAGIC KNIGHT RAYEARTH 2, OMNIBUS EDITION",Clamp
1427816905,9781427816900,"MAID SAMA!, VOL. 6","Hiro Fujiwara"
1427818193,9781427818195,"MAID SAMA!, VOL. 7","Hiro Fujiwara"
1427816891,9781427816894,"MAID SAMA, VOL. 5","Hiro Fujiwara"
1612629032,9781612629032,"MANGA DOGS, VOL. 1","Ema Toyama"
1421537559,9781421537559,"MARCH STORY, VOL. 1","Kyung-il Yang and Hyung-min Kim"
1421549263,9781421549262,"MARCH STORY, VOL. 4","kim Hyung-min and Yang kyung-il"
1421564351,9781421564357,"MARCH STORY, VOL. 5","Kim Hyung-min and Yang kyung-il"
1935429558,9781935429555,"MARDOCK SCRAMBLE, VOL. 3","Tow Ubukata"
None,9781612620664,"MARDOCK SCRAMBLE, VOL. 4","Tou Ubukata"
1421575892,9781421575896,"MASTER KEATON, VOL. 1","Naoki Urasawa, Hokusei Katsushika and Takashi Nagasaki"
075952971X,9780759529717,"MAXIMUM RIDE MANGA, VOL. 5","James Patterson"
0759529515,9780759529519,"MAXIMUM RIDE, VOL. 1","James Patterson and NaRae Lee"
075952968X,9780759529687,"MAXIMUM RIDE, VOL. 2","James Patterson and NaRae Lee"
0759529698,9780759529694,"MAXIMUM RIDE, VOL. 3","James Patterson and NaRae Lee"
0759529701,9780759529700,"MAXIMUM RIDE, VOL. 4","James Patterson and NaRae Lee"
0759529728,9780759529724,"MAXIMUM RIDE, VOL. 6","James Patterson"
0759529744,9780759529748,"MAXIMUM RIDE, VOL. 8","James Patterson and NaRae Lee"
0759529736,9780759529731,"MAXIMUM RIDE: THE MANGA, VOL. 7","James Patterson and NaRae Lee"
1626920494,9781626920491,"MAYO CHIKI!, VOL. 7","Hajime Asano and Neet"
193786734X,9781937867348,"MAYO CHIKI, VOL. 3","Hajime Asano"
1401224814,9781401224813,"MEGATOKYO, VOL. 6","Fred Gallagher"
1935654438,9781935654438,"MESSAGE TO ADOLF, VOL.  1","Osamu Tezuka"
1421559455,9781421559452,"MIDNIGHT SECRETARY, VOL. 2","Tomu Ohmi"
1421559471,9781421559476,"MIDNIGHT SECRETARY, VOL. 4","Tomu Ohmi"
1935429981,9781935429982,"MILES EDGEWORTH, ACE ATTORNEY INVESTIGATIONS, VOL. 2","Kenji Kuroda"
1612620965,9781612620961,"MILES EDGEWORTH, ACE ATTORNEY INVESTIGATIONS, VOL. 3","Kenji Kuroda"
1421572443,9781421572444,"MILLENNIUM SNOW, VOL. 3","Bisco Hatori"
142157246X,9781421572468,"MILLENNIUM SNOW, VOL. 4","Bisco Hatori"
1612622844,9781612622842,"MISSIONS OF LOVE, VOL. 2","Ema Toyama"
1612622860,9781612622866,"MISSIONS OF LOVE, VOL. 4","Ema Toyama"
193565487X,9781935654872,"MOBILE SUIT GUNDAM: THE ORIGIN, VOL. 1","Yoshikazu Yasuhiko and Hajime Yatate"
1935654888,9781935654889,"MOBILE SUIT GUNDAM: THE ORIGIN, VOL. 2","Hajime Yatate and Hajime Yatate"
1935654977,9781935654971,"MOBILE SUIT GUNDAM: THE ORIGIN, VOL. 3","Yoshikazu Yasuhiko and  Hajime Yatate"
1939130190,9781939130198,"MOBILE SUIT GUNDAM: THE ORIGIN, VOL. 5","Yoshikazu Yasuhiko"
1939130204,9781939130204,"MOBILE SUIT GUNDAM: THE ORIGIN, VOL. 6","Yoshikazu Yasuhiko"
1939130670,9781939130679,"MOBILE SUIT GUNDAM: THE ORIGIN, VOL. 7","Yoshikazu Yasuhiko"
1935429523,9781935429524,"MONSTER HUNTER ORAGE, VOL. 4","Hiro Mashima"
1937867900,9781937867904,"MONSTER MUSUME, VOL. 1",Okayado
1626920036,9781626920033,"MONSTER MUSUME, VOL. 2",Okayado
1626920311,9781626920316,"MONSTER MUSUME, VOL. 3",Okayado
162692046X,9781626920460,"MONSTER MUSUME, VOL. 4",Okayado
1626921067,9781626921061,"MONSTER MUSUME, VOL. 5",Okayado
1626921202,9781626921207,"MONSTER MUSUME, VOL. 6",Okayado
1612625894,9781612625898,"MONSTER SOUL, VOL. 1","Hiro Mashima"
2765408963,9782765408963,"MPD-Psycho, Vol. 8","Eiji Otsuka"
1421533081,9781421533087,"NANA, VOL. 21","Ai Yazawa"
142153536X,9781421535364,"NAOKI URASAWA'S 20TH CENTURY BOYS, VOL. 18","Naoki Urasawa"
1421535378,9781421535371,"NAOKI URASAWA'S 20TH CENTURY BOYS, VOL. 19","Naoki Urasawa"
1421542773,9781421542775,"NAOKI URASAWA'S 20TH CENTURY BOYS, VOL. 22","Naoki Urasawa"
1421539896,9781421539898,"NARUTO (3-IN-1 EDITION), VOL. 1","Masashi Kishimoto"
1421533049,9781421533049,"NARUTO 46","Masashi Kishimoto"
2765408939,9782765408932,"NARUTO, VOL. 31","Masashi Kishimoto"
1421528436,9781421528434,"NARUTO, VOL. 42","Masashi Kishimoto"
1421529297,9781421529295,"NARUTO, VOL. 43","Masashi Kishimoto"
1421531348,9781421531342,"NARUTO, VOL. 44","Masashi Kishimoto"
1421531356,9781421531359,"NARUTO, VOL. 45","Masashi Kishimoto"
1421533057,9781421533056,"NARUTO, VOL. 47","Masashi Kishimoto"
1421534746,9781421534749,"NARUTO, VOL. 48","Masashi Kishimoto"
1421534754,9781421534756,"NARUTO, VOL. 49","Masashi Kishimoto"
1421534975,9781421534978,"NARUTO, VOL. 50","Masashi Kishimoto"
1421534983,9781421534985,"NARUTO, VOL. 51","Masashi Kishimoto"
1421539578,9781421539577,"NARUTO, VOL. 52","Masashi Kishimoto"
1421540495,9781421540498,"NARUTO, VOL. 53","Masashi Kishimoto"
1421541025,9781421541020,"NARUTO, VOL. 54","Masashi Kishimoto"
1421541521,9781421541525,"NARUTO, VOL. 55","Masashi Kishimoto"
1421542072,9781421542072,"NARUTO, VOL. 56","Masashi Kishimoto"
1421543060,9781421543062,"NARUTO, VOL. 57","Masashi Kishimoto"
1421543281,9781421543284,"NARUTO, VOL. 58","Masashi Kishimoto"
1421549425,9781421549422,"NARUTO, VOL. 59","Masashi Kishimoto"
1421549433,9781421549439,"NARUTO, VOL. 60","Masashi Kishimoto"
1421552485,9781421552484,"NARUTO, VOL. 61","Masashi Kishimoto"
1421556197,9781421556192,"NARUTO, VOL. 62","Masashi Kishimoto"
1421558858,9781421558851,"NARUTO, VOL. 63","Masashi Kishimoto"
1421561395,9781421561394,"NARUTO, VOL. 64","Masashi Kishimoto"
1421564556,9781421564555,"NARUTO, VOL. 65","Masashi Kishimoto"
1421569485,9781421569482,"NARUTO, VOL. 66","Masashi Kishimoto"
1421573849,9781421573847,"NARUTO, VOL. 67","Masashi Kishimoto"
1421576821,9781421576824,"NARUTO, VOL. 68","Masashi Kishimoto"
1421578565,9781421578569,"NARUTO, VOL. 69","Masashi Kishimoto"
1612622399,9781612622392,"NEGIMA MAGISTER NEGI MAGI, VOL. 36","Ken Akamatsu"
1612622712,9781612622712,"NEGIMA MAGISTER NEGI MAGI, VOL. 37","Ken Akamatsu"
1612622437,9781612622439,"NEGIMA MAGISTER NEGI MAGI, VOL. 38","Ken Akamatsu"
0345518829,9780345518828,"NEGIMA! (MAGISTER NEGI MAGI), VOL. 25","Ken Akamatsu"
1439562091,9781439562093,"NEGIMA! 21 (MAGISTER NEGI MAGI)","Ken Akamatsu"
0345510305,9780345510303,"NEGIMA! 22","Ken Akamatsu"
0345521609,9780345521606,"NEGIMA! 28","Ken Akamatsu"
1935429620,9781935429623,"NEGIMA! MAGISTER NEGI MAGI, OMNIBUS 1","Ken Akamatsu"
None,9781612620671,"NEGIMA! MAGISTER NEGI MAGI, OMNIBUS VOL. 4","Ken Akamatsu"
0345514262,9780345514264,"NEGIMA! MAGISTER NEGI MAGI, VOL. 23","Ken Akamatsu"
0345514270,9780345514271,"NEGIMA! MAGISTER NEGI MAGI, VOL. 24","Ken Akamatsu"
0345521110,9780345521118,"NEGIMA! MAGISTER NEGI MAGI, VOL. 26","Ken Akamatsu"
0345521595,9780345521590,"NEGIMA! MAGISTER NEGI MAGI, VOL. 27","Ken Akamatsu"
1935429566,9781935429562,"NEGIMA! MAGISTER NEGI MAGI, VOL. 29","Ken Akamatsu"
1935429574,9781935429579,"NEGIMA! MAGISTER NEGI MAGI, VOL. 30","Ken Akamatsu"
1935429590,9781935429593,"NEGIMA! MAGISTER NEGI MAGI, VOL. 32","Ken Akamatsu"
1612621155,9781612621159,"NEGIMA! MAGISTER NEGI MAGI, VOL. 33","Ken Akamatsu"
1612621163,9781612621166,"NEGIMA! MAGISTER NEGI MAGI, VOL. 34","Ken Akamatsu"
1612621201,9781612621203,"NEGIMA! MAGISTER NEGI MAGI, VOL. 35","Ken Akamatsu"
1935429582,9781935429586,"NEGIMA!, VOL. 31","Ken Akamatsu"
0345509986,9780345509987,"NEGIMA!? NEO (MAGISTER NEGI MAGI),  Vol. 1","Takuya Fujiyama and Ken Akamatsu"
0345510178,9780345510174,"NEGIMA!? NEO MAGISTER NEGI MAGI, VOL. 2","Ken Akamatsu and Takuya Fujiyama"
0345510186,9780345510181,"NEGIMA!? NEO MAGISTER NEGI MAGI, VOL. 3","Ken Akamatsu and Takuya Fujiyama"
1595829326,9781595829320,"NEON GENESIS EVANGELION, VOL. 11","Osamu Takahashi"
1421552914,9781421552910,"NEON GENESIS EVANGELION, VOL. 13","Yoshiyuki Sadamoto"
1421578352,9781421578354,"NEON GENESIS EVANGELION, VOL. 14","Yoshiyuki Sadamoto"
1595828796,9781595828798,"NEON GENESIS: EVANGELION, VOL. 10","Osamu Takahashi"
0759528616,9780759528611,"NIGHTSCHOOL, VOL. 3","Svetlana Chmakova"
031609126X,9780316091268,"NIGHTSCHOOL, VOL. 4","Svetlana Chmakova"
1606995839,9781606995839,"NIJIGAHARA HOLOGRAPH","Inio Asano Inio"
0345512421,9780345512420,"NINJA GIRLS, VOL. 1","Hosana Tanaka"
0345512448,9780345512444,"NINJA GIRLS, VOL. 3","Hosana Tanaka"
0345512456,9780345512451,"NINJA GIRLS, VOL. 4","Hosana Tanaka"
1935429671,9781935429678,"NINJA GIRLS, VOL. 7","Hosana Tanaka"
193542968X,9781935429685,"NINJA GIRLS, VOL. 8","Hosana Tanaka"
1612620701,9781612620701,"NINJA GIRLS, VOL. 9","Hosana Tanaka"
1421573792,9781421573793,"NISEKOI: FALSE LOVE 7","Naoshi Komi"
1421557991,9781421557991,"NISEKOI: FALSE LOVE, VOL. 1","Naoshi Komi"
1421560046,9781421560045,"NISEKOI: FALSE LOVE, VOL. 2","Naoshi Komi"
1421564491,9781421564494,"NISEKOI: FALSE LOVE, VOL. 3","Naoshi Komi"
1421565846,9781421565842,"NISEKOI: FALSE LOVE, VOL. 4","Naoshi Komi"
1421565854,9781421565859,"NISEKOI: FALSE LOVE, VOL. 5","Naoshi Komi"
1421565862,9781421565866,"NISEKOI: FALSE LOVE, VOL. 6","Naoshi Komi"
1421573806,9781421573809,"NISEKOI: FALSE LOVE, VOL. 8","Naoshi Komi"
1626920796,9781626920798,"NO GAME, NO LIFE, VOL. 1","Yuu Kamiya and Mashiro Hiiragi"
0316336092,9780316336093,"NO MATTER HOW I LOOK AT IT, IT'S YOU GUYS' FAULT I'M NOT POPULAR!,  VOL. 5","Nico Tanigawa"
0316243167,9780316243162,"NO MATTER HOW I LOOK AT IT, IT'S YOU GUYS' FAULT I'M NOT POPULAR!, VOL. 1","Nico Tanigawa"
0316322040,9780316322041,"NO MATTER HOW I LOOK AT IT, IT'S YOU GUYS' FAULT I'M NOT POPULAR!, VOL. 2","Nico Tanigawa"
0316322059,9780316322058,"NO MATTER HOW I LOOK AT IT, IT'S YOU GUYS' FAULT I'M NOT POPULAR!, VOL. 3","Nico Tanigawa"
0316376744,9780316376747,"NO MATTER HOW I LOOK AT IT, IT'S YOU GUYS' FAULT I'M NOT POPULAR!, VOL. 4","Nico Tanigawa"
1612623565,9781612623566,"NO. 6, VOL. 2","Atsuko Asano and  Hinoki Kino"
1612623573,9781612623573,"NO. 6, VOL. 3","Atsuko Asano and Hinoki Kino"
1612625533,9781612625539,"NO. 6, VOL. 7","Atsuko Asano and Hinoki Kino"
1612625789,9781612625782,"NO. 6, VOL. 8","Atsuko Asano"
1612629067,9781612629063,"NORAGAMI, VOL. 1",Adachitoka
1612629075,9781612629070,"NORAGAMI, VOL. 2",Adachitoka
1612629083,9781612629087,"NORAGAMI, VOL. 3",Adachitoka
142153892X,9781421538921,"NURA, VOL. 2","Hiroshi Shiibashi"
1421538989,9781421538983,"NURA: RISE OF THE YOKAI CLAN, VOL. 8","Hiroshi Shiibashi"
2765408963,9782765408963,"Naruto, Vol. 34","Masashi Kishimoto"
2765409161,9782765409168,"Naruto, Vol. 35","Masashi Kishimoto"
2765409161,9782765409168,"Naruto, Vol. 36","Masashi Kishimoto"
2765409498,9782765409496,"Naruto, Vol. 37","Masashi Kishimoto"
2923563190,9782923563190,"Naruto, Vol. 38","Masashi Kishimoto"
0824210867,9780824210861,"Naruto, Vol. 39","Masashi Kishimoto"
142152841X,9781421528410,"Naruto, Vol. 40","Masashi Kishimoto"
2923563190,9782923563190,"Naruto, Vol. 41","Masashi Kishimoto"
0316209414,9780316209410,"OMAMORI HIMARI, VOL. 0","Milan Matra"
0316376787,9780316376785,"OMAMORI HIMARI, VOL. 12","Milan Matra"
0759531811,9780759531819,"OMAMORI HIMARI, VOL. 3","Milan Matra"
0316195723,9780316195720,"OMAMORI HIMARI, VOL. 5","Milan Matra"
031619574X,9780316195744,"OMAMORI HIMARI, VOL. 7","Milan Matra"
0316209422,9780316209427,"OMAMORI HIMARI, VOL. 8","Milan Matra"
0316229156,9780316229159,"OMAMORI HIMARI, VOL. 9","Milan Matra"
1442067276,9781442067271,"ONE PIECE 21","Eiichiro Oda"
1421540851,9781421540856,"ONE PIECE, VOL, 60","Eiichiro Oda"
1421528444,9781421528441,"ONE PIECE, VOL. 23","Eiichiro Oda"
1421528452,9781421528458,"ONE PIECE, VOL. 24","Eiichiro Oda"
1421528460,9781421528465,"ONE PIECE, VOL. 25","Eiichiro Oda"
142153455X,9781421534558,"ONE PIECE, VOL. 39","Eiichiro Oda"
1421534568,9781421534565,"ONE PIECE, VOL. 40","Eiichiro Oda"
1421534576,9781421534572,"ONE PIECE, VOL. 41","Eiichiro Oda"
1421534584,9781421534589,"ONE PIECE, VOL. 42","Eiichiro Oda"
1421534592,9781421534596,"ONE PIECE, VOL. 43","Eiichiro Oda"
1421534606,9781421534602,"ONE PIECE, VOL. 44","Eiichiro Oda"
1421534614,9781421534619,"ONE PIECE, VOL. 45","Eiichiro Oda"
1421534622,9781421534626,"ONE PIECE, VOL. 46","Eiichiro Oda"
1421534630,9781421534633,"ONE PIECE, VOL. 47","Eiichiro Oda"
1421534649,9781421534640,"ONE PIECE, VOL. 48","Eiichiro Oda"
1421534657,9781421534657,"ONE PIECE, VOL. 49","Eiichiro Oda"
1421534665,9781421534664,"ONE PIECE, VOL. 50","Eiichiro Oda"
1421534703,9781421534701,"ONE PIECE, VOL. 54","Eiichiro Oda"
1421534711,9781421534718,"ONE PIECE, VOL. 55","Eiichiro Oda"
1421538504,9781421538501,"ONE PIECE, VOL. 56","Eiichiro Oda"
1421538512,9781421538518,"ONE PIECE, VOL. 57","Eiichiro Oda"
1421539268,9781421539263,"ONE PIECE, VOL. 58","Eiichiro Oda"
1421539594,9781421539591,"ONE PIECE, VOL. 59","Eiichiro Oda"
None,9781421541440,"ONE PIECE, VOL. 61","Eiichiro Oda"
1421541963,9781421541969,"ONE PIECE, VOL. 62","Eiichiro Oda"
1421543079,9781421543079,"ONE PIECE, VOL. 63","Eiichiro Oda"
142154329X,9781421543291,"ONE PIECE, VOL. 64","Eiichiro Oda"
1421549794,9781421549798,"ONE PIECE, VOL. 65","Eiichiro Oda"
142155237X,9781421552378,"ONE PIECE, VOL. 66","Eiichiro Oda"
1421553716,9781421553719,"ONE PIECE, VOL. 67","Eiichiro Oda"
1421558815,9781421558813,"ONE PIECE, VOL. 68","Eiichiro Oda"
1421561433,9781421561431,"ONE PIECE, VOL. 69","Eiichiro Oda"
1421564602,9781421564609,"ONE PIECE, VOL. 70","Eiichiro Oda"
1421569450,9781421569451,"ONE PIECE, VOL. 71","Eiichiro Oda"
142157344X,9781421573441,"ONE PIECE, VOL. 72","Eiichiro Oda"
142157683X,9781421576831,"ONE PIECE, Vol. 73","Eiichiro Oda"
1421524309,9781421524306,"ONE PIECE: HOPE, VOL. 22","Eiichiro Oda"
1421540967,9781421540962,"ORESAMA TEACHER, VOL. 8","Izumi Tsubaki"
1421536900,9781421536903,"OTOMEN 2","Aya Kanno"
1421524724,9781421524726,"OTOMEN 3","Aya Kanno"
142153830X,9781421538303,"OTOMEN, VOL. 10","Aya Kanno"
1421539780,9781421539782,"OTOMEN, VOL. 11","Aya Kanno"
142154265X,9781421542652,"OTOMEN, VOL. 13","Aya Kanno"
1421527375,9781421527376,"OTOMEN, VOL. 5","Aya Kanno"
1421529300,9781421529301,"OTOMEN, VOL. 6","Aya Kanno"
1421535912,9781421535913,"OTOMEN, VOL. 8","Aya Kanno"
1421526735,9781421526737,"OURAN HIGH SCHOOL HOST CLUB, VOL. 13","Bisco Hatori"
1421535653,9781421535654,"OURAN HIGH SCHOOL HOST CLUB, VOL. 14","Bisco Hatori"
1421536706,9781421536705,"OURAN HIGH SCHOOL HOST CLUB, VOL. 15","Bisco Hatori"
1421538709,9781421538709,"OURAN HIGH SCHOOL HOST CLUB, VOL. 16","Bisco Hatori"
1421539799,9781421539799,"OURAN HIGH SCHOOL HOST CLUB, VOL. 17","Bisco Hatori"
1421541351,9781421541358,"OURAN HIGH SCHOOL HOST CLUB, VOL. 18","Bisco Hatori"
"","","OURAN HIGH SCHOOLHOST CLUB, VOL. 12","Bisco Hatori"
0316197289,9780316197281,"PANDORA HEARTS, VOL. 10","Jun Mochizuki"
0316197297,9780316197298,"PANDORA HEARTS, VOL. 11","Jun Mochizuki"
0316197319,9780316197311,"PANDORA HEARTS, VOL. 12","Jun Mochizuki"
0316197335,9780316197335,"PANDORA HEARTS, VOL. 13","Jun Mochizuki"
0316225363,9780316225366,"PANDORA HEARTS, VOL. 14","Jun Mochizuki"
0316225371,9780316225373,"PANDORA HEARTS, VOL. 15","Jun Mochizuki"
031622538X,9780316225380,"PANDORA HEARTS, VOL. 16","Jun Mochizuki"
0316248096,9780316248099,"PANDORA HEARTS, VOL. 17","Jun Mochizuki"
0316076082,9780316076081,"PANDORA HEARTS, VOL. 2","Jun Mochizuki"
0316076104,9780316076104,"PANDORA HEARTS, VOL. 3","Jun Mochizuki"
0316076112,9780316076111,"PANDORA HEARTS, VOL. 4","Jun Mochizuki"
0316076120,9780316076128,"PANDORA HEARTS, VOL. 5","Jun Mochizuki"
0316076155,9780316076159,"PANDORA HEARTS, VOL. 6","Jun Mochizuki"
0316076163,9780316076166,"PANDORA HEARTS, VOL. 7","Jun Mochizuki"
0316197254,9780316197250,"PANDORA HEARTS, VOL. 8","Jun Mochizuki"
None,9780316197274,"PANDORA HEARTS, VOL. 9","Jun Mochizuki"
1421565900,9781421565903,"PHANTOM THIEF JEANNE, VOL. 1","Arina Tanemura"
1935429728,9781935429722,"PHOENIX WRIGHT, ACE ATTORNEY, VOL. 4","Kenji Kuroda"
1935429612,9781935429616,"PHOENIX WRIGHT, ACE ATTORNEY, VOL. 5","Kenji Kuroda"
193542971X,9781935429715,"PHOENIX WRIGHT: ACE ATTORNEY, VOL. 3","Kenji Kuroda"
142155898X,9781421558981,"POKEMON ADVENTURES BLACK AND WHITE, VOL. 1","Hidenori Kusaka"
1421554046,9781421554044,"POKEMON ADVENTURES, DIAMOND AND PEARL/PLATINUM, VOL. 8","Hidenori Kusaka"
1421561794,9781421561790,"POKEMON ADVENTURES, DIAMOND AND PEARL/PLATINUM, VOL. 8","Hidenori Kusaka"
1421559005,9781421559001,"POKEMON ADVENTURES, HEARTGOLD & SOULSILVER, VOL. 1","Hidenori Kusaka"
1421535491,9781421535494,"POKEMON ADVENTURES, VOL. 15","Hidenori Kusaka and Satoshi Yamamoto"
1421535505,9781421535500,"POKEMON ADVENTURES, VOL. 16","Hidenori Kusaka"
None,9781421535517,"POKEMON ADVENTURES, VOL. 17","Hidenori Kusaka and Satoshi Yamamoto"
1421535548,9781421535548,"POKEMON ADVENTURES, VOL. 20","Hidenori Kusaka and Satoshi Yamamoto"
1421535564,9781421535562,"POKEMON ADVENTURES, VOL. 22","Hidenori Kusaka"
1421535572,9781421535579,"POKEMON ADVENTURES, VOL. 23","Hidenori Kusaka and Satoshi Yamamoto"
1421535580,9781421535586,"POKEMON ADVENTURES, VOL. 24","Hidenori Kusaka and Satoshi Yamamoto"
1421542471,9781421542478,"POKEMON ADVENTURES, VOL. 7","Hidenori Kusaka and Mato"
1421561816,9781421561813,"POKEMON ADVENTURES: BLACK AND WHITE, VOL. 5","Hidenori Kusaka and Satoshi Yamamoto"
1421538180,9781421538181,"POKEMON ADVENTURES: DIAMOND AND PEARL/PLATINUM, VOL. 3","Hidenori Kusaka"
1421539128,9781421539126,"POKEMON ADVENTURES: DIAMOND AND PEARL/PLATINUM, VOL. 3","Hidenori Kusaka"
1421539136,9781421539133,"POKEMON ADVENTURES: DIAMOND AND PEARL/PLATINUM, VOL. 3","Hidenori Kusaka"
1421554054,9781421554051,"POKEMON ADVENTURES: DIAMOND AND PEARL/PLATINUM, VOL. 3","Hidenori Kusaka"
1421539144,9781421539140,"POKEMON ADVENTURES: DIAMOND AND PEARL/PLATINUM, VOL. 6","Hidenori Kusaka"
1421558947,9781421558943,"POKEMON BLACK AND WHITE, VOL. 10","Hidenori Kusaka"
1421558963,9781421558967,"POKEMON BLACK AND WHITE, VOL. 10","Hidenori Kusaka"
1421567687,9781421567686,"POKEMON BLACK AND WHITE, VOL. 16","Hidenori Kusaka and Satoshi Yamamoto"
1421541149,9781421541143,"POKEMON BLACK AND WHITE, VOL. 4","Hidenori Kusaka"
1421542803,9781421542805,"POKEMON BLACK AND WHITE, VOL. 5","Hidenori Kusaka"
1421542811,9781421542812,"POKEMON BLACK AND WHITE, VOL. 6","Hidenori Kusaka"
142154282X,9781421542829,"POKEMON BLACK AND WHITE, VOL. 7","Hidenori Kusaka"
1421540924,9781421540924,"POKEMON: BLACK AND WHITE, VOL. 3","Hidenori Kusaka"
1421542838,9781421542836,"POKEMON: BLACK AND WHITE, VOL. 8","Hidenori Kusaka"
1421535556,9781421535555,"POKÉMON ADVENTURES, VOL. 21","Hidenori Kusaka and Satoshi Yamamoto"
1421535483,9781421535487,"POKéMON ADVENTURES, VOL. 14","Hidenori Kusaka and Satoshi Yamamoto"
193565425X,9781935654254,"PRINCESS KNIGHT, VOL. 1","Osamu Tezuka"
1935654314,9781935654315,"PRINCESS KNIGHT, VOL. 2","Osamu Tezuka"
1421536765,9781421536767,"PSYREN, VOL. 1","iwashiro Toshiaki"
1421551454,9781421551456,"PSYREN, VOL. 11","Toshiaki Iwashiro"
1421551489,9781421551487,"PSYREN, VOL. 14","Toshiaki Iwashiro"
None,9781421536781,"PSYREN, VOL. 3","Toshiaki Iwashiro"
142153679X,9781421536798,"PSYREN, VOL. 4","Toshiaki Iwashiro"
0316250961,9780316250962,"PUELLA MAGI KAZUMI MAGICA: THE INNOCENT MALICE, VOL. 1","Magica Quartet and others"
031621387X,9780316213875,"PUELLA MAGI MADOKA MAGICA, VOL. 1","Magica Quartet"
0316217158,9780316217156,"PUELLA MAGI MADOKA MAGICA, VOL. 2","Magica Quartet Staff"
0316217166,9780316217163,"PUELLA MAGI MADOKA MAGICA, VOL. 3","Magica Quartet"
0316370517,9780316370516,"PUELLA MAGI MADOKA MAGICA: THE DIFFERENT STORY, VOL. 1","Magica Quartet and Hanokage"
0316254290,9780316254298,"PUELLA MAGI ORIKO MAGICA, VOL. 2","Magica Quartet and  Kuroe Mura"
142153309X,9781421533094,"RASETSU, VOL. 6","Chika Shiomi"
0786409509,9780786409501,"RETURN TO LABYRINTH 3","Jake T Forbes"
1427816875,9781427816870,"RETURN TO LABYRINTH, VOL. 4","Jake T Forbes and Chris Lie"
1421534878,9781421534879,"RIN-NE, VOL. 3","Rumiko Takahashi"
1421536226,9781421536224,"RIN-NE, VOL. 5","Rumiko Takahashi"
1421541734,9781421541730,"RIN-NE, VOL. 7","Rumiko Takahashi"
1421519097,9781421519098,"ROSARIO   VAMPIRE 7","Akihisa Ikeda"
1421519100,9781421519104,"ROSARIO   VAMPIRE, VOL. 8","Akihisa Ikeda"
142152354X,9781421523545,"ROSARIO   VAMPIRE, VOL. 9","Akihisa Ikeda"
1421531364,9781421531366,"ROSARIO   VAMPIRE: SEASON II, VOL. 1","Akihisa Ikeda"
1421519089,9781421519081,"ROSARIO + VAMPIRE, Vol. 6","Akihisa Ikeda"
1421531372,9781421531373,"ROSARIO + VAMPIRE: SEASON II, VOL. 2","Akihisa Ikeda"
1421532689,9781421532684,"ROSARIO + VAMPIRE: SEASON II, VOL. 3","Akihisa Ikeda"
1421535440,9781421535449,"ROSARIO + VAMPIRE: SEASON II, VOL. 4","Akihisa Ikeda"
1421536919,9781421536910,"ROSARIO + VAMPIRE: SEASON II, VOL. 5","Akihisa Ikeda"
1421557029,9781421557021,"ROSARIO VAMPIRE, SEASON II, VOL. 12","Akihisa Ikeda"
1421523558,9781421523552,"ROSARIO VAMPIRE, VOL. 10","Akihisa Ikeda"
142155240X,9781421552408,"ROSARIO+VAMPIRE SEASON II, VOL. 11","Akihisa Ikeda"
1421540266,9781421540269,"ROSARIO+VAMPIRE SEASON II, VOL. 7","Akihisa Ikeda"
1421569493,9781421569499,"ROSARIO+VAMPIRE, SEASON II, VOL. 13","Akihisa Ikeda"
1421540509,9781421540504,"ROSARIO+VAMPIRE, SEASON II, VOL. 8","Akihisa Ikeda"
1421538318,9781421538310,"ROSARIO+VAMPIRE: SEASON II, VOL. 6","Akihisa Ikeda"
1421542099,9781421542096,"ROSARIO+VAMPIRE: SEASON II, VOL. 9","Akihisa Ikeda"
1421548798,9781421548791,"ROSARIO±VAMPIRE: SEASON II, VOL. 10","Akihisa Ikeda"
1421555700,9781421555706,"RUROUNI KENSHIN: RESTORATION, VOL. 2","Nobuhiro Watsuki"
1421526204,9781421526201,"S. A, VOL. 12","Maki Minami"
1612624421,9781612624426,"SAILOR MOON SHORT STORIES, VOL. 1","Naoko Takeuchi"
1612620108,9781612620107,"SAILOR MOON SHORT STORIES, VOL. 2","Naoko Takeuchi"
1612623972,9781612623979,"SAILOR MOON, BOX SET 2","Naoko Takeuchi"
1935429744,9781935429746,"SAILOR MOON, VOL. 1","Naoko Takeuchi"
161262006X,9781612620060,"SAILOR MOON, VOL. 10","Naoko Takeuchi"
1612620078,9781612620077,"SAILOR MOON, VOL. 11","Naoko Takeuchi"
1612620086,9781612620084,"SAILOR MOON, VOL. 12","Naoko Takeuchi"
1935429752,9781935429753,"SAILOR MOON, VOL. 2","Naoko Takeuchi"
1935429760,9781935429760,"SAILOR MOON, VOL. 3","Naoko Takeuchi"
1612620000,9781612620008,"SAILOR MOON, VOL. 4","Naoko Takeuchi"
1612620019,9781612620015,"SAILOR MOON, VOL. 5","Naoko Takeuchi"
1612620027,9781612620022,"SAILOR MOON, VOL. 6","Naoko Takeuchi"
1612620035,9781612620039,"SAILOR MOON, VOL. 7","Naoko Takeuchi"
1612620043,9781612620046,"SAILOR MOON, VOL. 8","Naoko Takeuchi"
1612620051,9781612620053,"SAILOR MOON, VOL. 9","Naoko Takeuchi"
1421538822,9781421538822,"SAKURA HIME: THE LEGEND OF PRINCESS SAKURA, VOL. 1","Arina Tanemura"
1421538849,9781421538846,"SAKURA HIME: THE LEGEND OF PRINCESS SAKURA, VOL. 3","Arina Tanemura"
1421542765,9781421542768,"SAKURA HIME: THE LEGEND OF PRINCESS SAKURA, VOL. 9","Arina Tanemura"
1612626033,9781612626031,"SAY I LOVE YOU, VOL. 2","Kanae Hazuki"
1612626041,9781612626048,"SAY I LOVE YOU, VOL. 3","Kanae Hazuki"
1612626718,9781612626710,"SAY I LOVE YOU, VOL. 6","Kanae Hazuki"
1935429817,9781935429814,"SAYONARA, ZETSUBOU-SENSEI, VOL. 11","Koji Kumeta"
1935429825,9781935429821,"SAYONARA, ZETSUBOU-SENSEI, VOL. 12","Koji Kumeta"
1612620779,9781612620770,"SAYONARA, ZETSUBOU-SENSEI, VOL. 13","Koji Kumeta"
1612620787,9781612620787,"SAYONARA, ZETSUBOU-SENSEI, VOL. 14","Koji Kumeta"
0345510240,9780345510242,"SAYONARA, ZETSUBOU-SENSEI: VOL., 3","Koji Kumeta"
1421571501,9781421571508,"SERAPH OF THE END, VOL. 1","Takaya Kagami and Yamato Yamamoto"
1421571536,9781421571539,"SERAPH OF THE END, VOL. 4","Takaya Kagami and Yamato Yamamoto"
1612629237,9781612629230,"SEVEN DEADLY SINS, VOL. 2","Nakaba Suzuki"
1612629253,9781612629254,"SEVEN DEADLY SINS, VOL. 3","Nakaba Suzuki"
1421532697,9781421532691,"SHAKUGAN NO SHANA, VOL. 6","Yashichiro Takahashi and Ayato Sasakura"
1421521776,9781421521770,"SHAMAN KING, VOL. 24","Hiroyuki Takei"
1421521822,9781421521824,"SHAMAN KING, VOL. 29","Hiroyuki Takei"
1421521830,9781421521831,"SHAMAN KING, VOL. 30","Hiroyuki Takei"
1935429957,9781935429951,"SHUGO CHARA CHAN, VOL. 1",Peach-Pit
0345514300,9780345514301,"SHUGO CHARA! 7",Peach-Pit
0345520823,9780345520821,"SHUGO CHARA! 9",Peach-Pit
1935429930,9781935429937,"SHUGO CHARA!, VOL. 10",Peach-Pit
1935429833,9781935429838,"SHUGO CHARA!, VOL. 11",Peach-Pit
0345514319,9780345514318,"SHUGO CHARA!, VOL. 8",Peach-Pit
1935429841,9781935429845,"SHUGO CHARA!, Vol.12",Peach-Pit
1421527804,9781421527802,"SKIP BEAT!, VOL. 19","Yoshiki Nakamura"
1421530724,9781421530727,"SKIP BEAT!, VOL. 20","Yoshiki Nakamura"
1421532700,9781421532707,"SKIP BEAT!, VOL. 21","Yoshiki Nakamura"
1421535084,9781421535081,"SKIP BEAT!, VOL. 22","Yoshiki Nakamura"
1421538334,9781421538334,"SKIP BEAT!, VOL. 24","Yoshiki Nakamura"
1421539233,9781421539232,"SKIP BEAT!, VOL. 25","Yoshiki Nakamura"
1421539993,9781421539997,"SKIP BEAT!, VOL. 26","Yoshiki Nakamura"
None,9781421541082,"SKIP BEAT!, VOL. 27","Yoshiki Nakamura"
1421542196,9781421542195,"SKIP BEAT!, VOL. 28","Yoshiki Nakamura"
1421543346,9781421543345,"SKIP BEAT!, VOL. 29","Yoshiki Nakamura"
1421569523,9781421569529,"SKIP BEAT!, VOL. 33","Yoshiki Nakamura"
0345485904,9780345485908,"SKIP BEAT!, VOLUME 18","Yoshiki Nakamura"
1421536927,9781421536927,"SKIP BEAT, VOL. 23","Yoshiki Nakamura"
142155061X,9781421550619,"SKIP BEAT, VOL. 30","Yoshiki Nakamura"
1421554798,9781421554792,"SKIP BEAT, VOL. 31","Yoshiki Nakamura"
0316213624,9780316213622,"SOUL EATER NOT!, VOL. 1","Atsushi Ohkubo"
0316221066,9780316221061,"SOUL EATER NOT!, VOL. 2","Atsushi Ohkubo"
0316376663,9780316376662,"SOUL EATER NOT!, VOL. 3","Atsushi Ohkubo"
0316377953,9780316377959,"SOUL EATER VOL. 25","Atsushi Ohkubo"
0316071145,9780316071147,"SOUL EATER, VOL. 10","Atsushi Ohkubo"
0316072931,9780316072939,"SOUL EATER, VOL. 12","Atsushi Ohkubo"
031623057X,9780316230575,"SOUL EATER, VOL. 13","Atsushi Ohkubo"
0316231924,9780316231923,"SOUL EATER, VOL. 14","Atsushi Ohkubo"
0316234907,9780316234900,"SOUL EATER, VOL. 15","Atsushi Ohkubo"
0316244317,9780316244312,"SOUL EATER, VOL. 16","Atsushi Ohkubo"
0316244325,9780316244329,"SOUL EATER, VOL. 17","Atsushi Ohkubo"
0316368997,9780316368995,"SOUL EATER, VOL. 18","Atsushi Ohkubo"
0316406945,9780316406949,"SOUL EATER, VOL. 19","Atsushi Ohkubo"
0759530483,9780759530485,"SOUL EATER, VOL. 2","Atsushi Ohkubo"
0316406953,9780316406956,"SOUL EATER, VOL. 20","Atsushi Ohkubo"
0316406961,9780316406963,"SOUL EATER, VOL. 21","Atsushi Ohkubo"
031640697X,9780316406970,"SOUL EATER, VOL. 22","Atsushi Ohkubo"
0316377937,9780316377935,"SOUL EATER, VOL. 24","Atsushi Ohkubo"
0759530017,9780759530010,"SOUL EATER, VOL. 3","Atsushi Ohkubo"
0759530645,9780759530645,"SOUL EATER, VOL. 3","Atsushi Ohkubo"
0759531277,9780759531277,"SOUL EATER, VOL. 4","Atsushi Ohkubo"
0316071072,9780316071079,"SOUL EATER, VOL. 5","Atsushi Ohkubo"
0316071102,9780316071109,"SOUL EATER, VOL. 7","Atsushi Ohkubo"
0316071129,9780316071123,"SOUL EATER, VOL. 8","Atsushi Ohkubo"
0316071137,9780316071130,"SOUL EATER, VOL. 9","Atsushi Ohkubo"
031618201X,9780316182010,SOULLESS,"Gail Carriger"
0316182060,9780316182065,"SOULLESS, VOL. 2","Gail Carriger"
0316182036,9780316182034,"SOULLESS, VOL. 3","Gail Carriger and Rem"
0316073393,9780316073394,"SPICE AND WOLF, VOL. 1","Isuna Hasekura and Keito Koume"
0316336602,9780316336604,"SPICE AND WOLF, VOL. 10","Isuna Hasekura and Keito Koume"
0316102326,9780316102322,"SPICE AND WOLF, VOL. 2","Isuna Hasekura and Keito Koume"
0316102342,9780316102346,"SPICE AND WOLF, VOL. 3","Isuna Hasekura and Ju Ayakura"
0316178268,9780316178266,"SPICE AND WOLF, VOL. 4","Isuna Hasekura and Keito Koume"
0316194476,9780316194471,"SPICE AND WOLF, VOL. 5","Isuna Hasekura and Keito Koume"
None,9780316210324,"SPICE AND WOLF, VOL. 6","Isuna Hasekura"
0316229113,9780316229111,"SPICE AND WOLF, VOL. 7","Isuna Hasekura"
0316245461,9780316245463,"SPICE AND WOLF, VOL. 8","Isuna Hasekura"
0316250856,9780316250856,"SPICE AND WOLF, VOL. 8","Isuna Hasekura"
None,9780316245487,"SPICE AND WOLF, VOL. 9","Isuna Hasekura"
031629487X,9780316294874,"SPICE AND WOLF, VOL. 9","Isuna Hasekura and Keito Koume"
1421531836,9781421531830,"STEPPING ON ROSES, VOL. 2","Rinko Ueda"
1421532379,9781421532370,"STEPPING ON ROSES, VOL. 3","Rinko Ueda"
1421535939,9781421535937,"STEPPING ON ROSES, VOL. 4","Rinko Ueda"
142153942X,9781421539423,"STEPPING ON ROSES, VOL. 5","Rinko Ueda"
1421550806,9781421550800,"STEPPING ON ROSES, VOL. 9","Rinko Ueda"
1421555255,9781421555256,"SUNNY, VOL. 1","Taiyo Matsumoto"
0316371238,9780316371230,"SWORD ART ONLINE: AINCRAD","Reki Kawahara and Tamako Nakamura"
0316376817,9780316376815,"SWORD ART ONLINE: AINCRAD, VOL. 2","Reki Kawahara"
0316407380,9780316407380,"SWORD ART ONLINE: FAIRY DANCE, VOL. 1","Reki Kawahara and Tsubasa Haduki"
0316336556,9780316336550,"SWORD ART ONLINE: FAIRY DANCE, VOL. 2","Reki Kawahara and Tsubasa Haduki"
0316383732,9780316383738,"SWORD ART ONLINE: FAIRY DANCE, VOL. 3","Reki Kawahara and Tsubasa Haduki"
0316259373,9780316259378,"SWORD ART ONLINE: PROGRESSIVE, VOL. 1","Reki Kawahara and Kiseki Himura"
1421529513,9781421529516,"TEGAMI BACHI, LETTER BEE, VOL. 3","Hiroyuki Asada"
1421541459,9781421541457,"TEGAMI BACHI, VOL. 10","Hiroyuki Asada"
1421538210,9781421538211,"TEGAMI BACHI, VOL. 9","Hiroyuki Asada"
1421529130,9781421529134,"TEGAMI BACHI: LETTER BEE, VOL. 1","Hiroyuki Asada"
1421549484,9781421549484,"TENJO TENGE, VOL. 11",Oh!great
1421540118,9781421540115,"TENJO TENGE, VOL. 4: FULL CONTACT EDITION",oh!great
1421540142,9781421540146,"TENJO TENGE, VOL. 7","Oh! Great Staff"
1421540150,9781421540153,"TENJO TENGE, VOL. 8","Oh! Great Staff"
1421540169,9781421540160,"TENJO TENGE, VOL. 9","Oh! Great Staff"
None,9781421540122,"TENJO TENGE: FULL CONTACT EDITION 2-IN-1, VOL. 5","Oh Great"
1421540134,9781421540139,"TENJO TENGE: FULL CONTACT EDITION 2-IN-1, VOL. 6","Oh! Great"
142154010X,9781421540108,"TENJO TENGE: FULL CONTACT EDITION, VOL. 3",Oh!great
1421571552,9781421571553,"TERRA FORMARS, VOL. 2","Yu Sasuga and Kenichi Tachibana"
0316216151,9780316216159,"THE BETRAYAL KNOWS MY NAME, VOL. 4","Hotaru Odagiri"
0316232688,9780316232685,"THE BETRAYAL KNOWS MY NAME, VOL. 5","Hotaru Odagiri"
0316243116,9780316243117,"THE BETRAYAL KNOWS MY NAME, VOL. 6","Hotaru Odagiri"
1421528118,9781421528113,"THE BLEACH, VOL. 33","Tite Kubo"
0312554001,9780312554002,"THE DARK-HUNTERS, V. 2","Sherrilyn Kenyon and Claudia Campos"
0312376871,9780312376871,"THE DARK-HUNTERS, VOL. 1","Sherrilyn Kenyon and Claudia Campos"
031237688X,9780312376888,"THE DARK-HUNTERS, VOL. 3","Sherrilyn Kenyon"
1935654292,9781935654292,"THE DROPS OF GOD, VOL. 2","Tadashi Agi"
1935654365,9781935654360,"THE DROPS OF GOD, VOL. 3","Tadashi Agi"
193565439X,9781935654391,"THE DROPS OF GOD, VOL. 4","Tadashi Agi"
1421541696,9781421541693,"THE EARL AND THE FAIRY, VOL. 2",Ayuko
142154170X,9781421541709,"THE EARL AND THE FAIRY, VOL. 3",Ayuko
1421530767,9781421530765,"THE GENTLEMEN’S ALLIANCE, VOL. 10","Arina Tanemura"
1421531631,9781421531632,"THE GENTLEMEN’S ALLIANCE, VOL.11","Arina Tanemura"
1935429965,9781935429968,"THE GHOST IN THE SHELL, VOL. 1.5","Masamune Shirow"
0345518551,9780345518552,"THE LAST AIRBENDER (9780345518552)","Dave Roman, Joon Choi and Alison Wilgus"
1421537249,9781421537245,"THE LEGEND OF ZELDA, VOL. 10","Akira Himekawa"
193565456X,9781935654568,"THE LIMIT, VOL. 1","Keiko Suenobu"
0316071099,9780316071093,"THE MAGICIAN KING","Lev Grossman"
0316186392,9780316186391,"THE MELANCHOLY OF HARUHI SUZUMIYA, VOL. 10","Nagaru Tanigawa"
0316209465,9780316209465,"THE MELANCHOLY OF HARUHI SUZUMIYA, VOL. 12","Nagaru Tanigawa"
031620949X,9780316209496,"THE MELANCHOLY OF HARUHI SUZUMIYA, VOL. 13","Nagaru Tanigawa"
0759529469,9780759529465,"THE MELANCHOLY OF HARUHI SUZUMIYA, VOL. 3","Nagaru Tanigawa and Gaku Tsugano"
0316086053,9780316086059,"THE MELANCHOLY OF HARUHI SUZUMIYA, VOL. 5","Nagaru Tanigawa, Gaku Tsugano and Noizi Ito"
0316089532,9780316089531,"THE MELANCHOLY OF HARUHI SUZUMIYA, VOL. 7","Nagaru Tanigawa and Gaku Tsugano"
0316089583,9780316089586,"THE MELANCHOLY OF SUZUMIYA HARUHI-CHAN, VOL. 2","Nagaru Tanigawa and Noizi Ito"
0316195774,9780316195775,"THE MELANCHOLY OF SUZUMIYA HARUHI-CHAN, VOL. 4","Nagaru Tanigawa"
None,9780316209458,"THE MELANCHOLY OF SUZUMIYA HARUHI-CHAN, VOL. 5","Nagaru Tanigawa"
161262927X,9781612629278,"THE SEVEN DEADLY SINS, VOL. 4","Nakaba Suzuki"
1612629318,9781612629315,"THE SEVEN DEADLY SINS, VOL. 6","Nakaba Suzuki"
1421541793,9781421541792,"THE STORY OF SAIUNKOKU, VOL. 6","Sai Yukino"
1421541807,9781421541808,"THE STORY OF SAIUNKOKU, VOL. 7","Sai Yukino"
1569702381,9781569702383,"THE TYRANT FALLS IN LOVE, VOL. 6","Hinako Takanaga"
1935429949,9781935429944,"THE WALLFLOWER, VOL. 27","Tomoko Hayakawa"
161262118X,9781612621180,"THE WALLFLOWER, VOL. 28","Tomoko Hayakawa"
0062008366,9780062008367,"THE WARRIORS: SKYCLAN AND THE STRANGER, VOL. 1","Erin Hunter and James Barry"
1421531739,9781421531731,"THE YU-GI-OH! GX 4, VOL. 4","Naoyuki Kageyama and Kazuki Takahashi"
142154346X,9781421543468,"THREE WOLVES MOUNTAIN, VOL. 1","Bohra Naouo"
1421555611,9781421555614,"TIGER AND BUNNY, VOL. 1","Masafumi Nishida and Mizuki Sakakibara"
142155562X,9781421555621,"TIGER AND BUNNY. VOL. 2","Masafumi Nishida and Mizuki Sakakibara"
1421571676,9781421571676,"TIME KILLERS: KAZUE KATO SHORT STORY COLLECTION","Kazue Kato"
1935429884,9781935429883,"TOKYO MEW MEW, OMNIBUS VOL. 2","Reiko Yoshida"
161262023X,9781612620237,"TOKYO MEW MEW, OMNIBUS VOL. 3","Reiko Yoshida and Mia Ikumi"
1937867722,9781937867720,"TORADORA!, VOL. 6","Yuyuko Takemiya and Zekkyo"
1934876607,9781934876602,"TORADORA, VOL. 2","Yuyuko Takemiya"
1935934171,9781935934172,"TORADORA, VOL. 4","Yuyuko Takemiya"
0316229385,9780316229388,"TRIAGE X, VOL. 2","Shouji Sato"
1427817960,9781427817969,"TRINITY BLOOD, VOL. 12","Kyujyo Kiyo"
0345508092,9780345508096,"TSUBASA 21 (RESERVOIR CHRONICLE)",Clamp
034552070X,9780345520708,"TSUBASA, VOL. 26",Clamp
292154864X,9782921548649,"TSUBASA, Vol. 1","Natsuki Takaya"
0345510380,9780345510389,"TSUBASA: RESERVOIR CHRONICLE, VOL. 22",Clamp
0345512308,9780345512307,"TSUBASA: RESERVOIR CHRONICLE, VOL. 23",Clamp
0345517156,9780345517159,"TSUBASA: RESERVOIR CHRONICLE, VOL. 24",Clamp
0345517164,9780345517166,"TSUBASA: RESERVOIR CHRONICLE, VOL. 25",Clamp
0345521641,9780345521644,"TSUBASA: RESERVOIR CHRONICLE, VOL. 28",Clamp
0345520718,9780345520715,"TSUBASA: RESEVOIR CHRONICLE, VOL. 27",Clamp
1935654330,9781935654339,"TWIN SPICA, VOL. 11","Kou Yaginuma"
None,9781935654346,"TWIN SPICA, VOL. 12","Kou Yaginuma"
1421538415,9781421538419,"ULTIMO, VOL. 3","Hiroyuki Takei and Stan Lee"
1421541211,9781421541211,"ULTIMO, VOL. 6","Hiroyuki Takei"
142155884X,9781421558844,"ULTIMO, VOL. 9","Hiroyuki Takei"
0316229504,9780316229500,"UMINEKO: WHEN THEY CRY — LEGEND OF THE GOLDEN WITCH, VOL. 2","Ryukishi07 and Kei Natsumi"
1616554126,9781616554125,"UNOFFICIAL HATSUNE MIX",KEI
0316224286,9780316224284,"UNTIL DEATH DO US PART, VOL. 4","Hiroshi Takashige and Double-S"
1935429906,9781935429906,"UNTIL THE FULL MOON, VOL. 5","Sanami Matoh"
1612629334,9781612629339,"UQ HOLDER, VOL. 1","Ken Akamatsu"
1612629350,9781612629353,"UQ HOLDER, VOL. 2","Ken Akamatsu"
1612629377,9781612629377,"UQ HOLDER, VOL. 3","Ken Akamatsu"
1421522829,9781421522821,"VAGABOND, VOL. 8 (VIZBIG EDITION)","Takehiko Inoue"
1935934066,9781935934066,"VAMPIRE CHEERLEADERS, VOL. 2","Adam Arnold and others"
1935934740,9781935934745,"VAMPIRE CHEERLEADERS/PARANORMAL MYSTERY SQUAD MONSTER MASH COLLECTION","Adam Arnold, Shiei and Comipa"
0061340839,9780061340833,"VAMPIRE KISSES VOL. 3, BLOOD RELATIVES","Ellen Schreiber, Elisa Kwon and  Rem"
0062026720,9780062026729,"VAMPIRE KISSES: GRAVEYARD GAMES, VOL. 1","Ellen Schreiber"
1421508222,9781421508221,"VAMPIRE KNIGHT, VOL. 1","Matsuri Hino"
1421535696,9781421535692,"VAMPIRE KNIGHT, VOL. 10","Matsuri Hino"
1421537907,9781421537900,"VAMPIRE KNIGHT, VOL. 11","Matsuri Hino"
1421539381,9781421539386,"VAMPIRE KNIGHT, VOL. 12","Matsuri Hino"
1421540819,9781421540818,"VAMPIRE KNIGHT, VOL. 13","Matsuri Hino"
1421542188,9781421542188,"VAMPIRE KNIGHT, VOL. 14","Matsuri Hino"
1421549476,9781421549477,"VAMPIRE KNIGHT, VOL. 15","Matsuri Hino"
1421551543,9781421551548,"VAMPIRE KNIGHT, VOL. 16","Matsuri Hino"
1421557010,9781421557014,"VAMPIRE KNIGHT, VOL. 17","Matsuri Hino"
1421564335,9781421564333,"VAMPIRE KNIGHT, VOL. 18","Matsuri Hino"
1421576058,9781421576053,"VAMPIRE KNIGHT, VOL. 19","Matsuri Hino"
142152676X,9781421526768,"VAMPIRE KNIGHT, VOL. 7","Matsuri Hino"
1421530732,9781421530734,"VAMPIRE KNIGHT, VOL. 8","Matsuri Hino"
1421531720,9781421531724,"VAMPIRE KNIGHT, VOL. 9","Matsuri Hino"
0345485904,9780345485908,"VAMPIRE NIGHT, Vol. 6","Matsuri Hino"
1605663689,9781605663685,"WARCRAFT: LEGENDS, Vol. 3",various
0062008374,9780062008374,"WARRIORS: BEYOND THE CODE, VOL. 2","Erin Hunter"
0061688665,9780061688669,"WARRIORS: CLAN IN NEED","Erin Hunter and James Barry"
0061688665,9780061688669,"WARRIORS: RAVENPAW'S PATH, VOL. 1","Erin Hunter and James Barry"
0061688673,9780061688676,"WARRIORS: RAVENPAW’S PATH, VOL. 3","Erin Hunter and James Barry"
"","","WARRIROS: TIGERSTAR AND SASHA, VOL. 3","Erin Hunter and Don Hudson"
1421530376,9781421530376,"WILD ONES, VOL. 8","Kiyo Fujiwara"
031611989X,9780316119894,"WITCH AND WIZARD, VOL. 1","James Patterson and Svetlana Chmakova"
1935934732,9781935934738,"WITCH HUNTER, VOL. 1-2","Jung-Man Cho"
031640165X,9780316401654,"WOLF CHILDREN: AME AND YUKI","Mamoru Hosoda and Yu"
1427818576,9781427818577,"WORLD OF WARCRAFT: SHAMAN","Paul Benjamin and Rocio Zucchio"
1421577674,9781421577678,"WORLD TRIGGER, VOL. 4","Daisuke Ashihara"
1421540428,9781421540429,"X 3-IN-1, VOL. 2",Clamp
1612625843,9781612625843,"XXXHOLIC REI, VOL. 2",Clamp
1591583322,9781591583325,"XXXHOLIC Vol. 13",Clamp
0345518438,9780345518439,"XXXHOLIC, VOL. 14",Clamp
0345521129,9780345521125,"XXXHOLIC, VOL. 15",Clamp
0345524128,9780345524126,"XXXHOLIC, VOL. 16",Clamp
0345530713,9780345530714,"XXXHOLIC, VOL. 17",Clamp
0345530721,9780345530721,"XXXHOLIC, VOL. 18",Clamp
0345531264,9780345531261,"XXXHOLIC, VOL. 19",Clamp
0316126799,9780316126793,"YOTSUBA AND &!, VOL. 9","Kiyohiko Azuma"
0316190330,9780316190336,"YOTSUBA&!, VOL. 10","Kiyohiko Azuma"
0316225398,9780316225397,"YOTSUBA&!, VOL. 11","Kiyohiko Azuma"
0316322326,9780316322324,"YOTSUBA&!, VOL. 12","Kiyohiko Azuma"
0316073245,9780316073240,"YOTSUBA&!, VOL. 6","Kiyohiko Azuma"
031607327X,9780316073271,"YOTSUBA&!, VOL. 8","Kiyohiko Azuma"
0316073253,9780316073257,"YOTSUBA&!, VOL.7","Kiyohiko Azuma"
None,9781935934868,"YOUNG MISS HOLMES, CASEBOOK 1-2","Kaoru Shintani"
1421540886,9781421540887,"YU-GI-OH 5D'S, VOL. 2","Masahiro Hikokubo"
1421552418,9781421552415,"YU-GI-OH 5D'S, VOL. 4","Masahiro Hikokubo"
1421558882,9781421558882,"YU-GI-OH 5D'S, VOL. 5","Masahiro Hikokubo and Masashi Sato"
1421539969,9781421539966,"YU-GI-OH GX, VOL. 8","Naoyuki Kageyama"
1421539632,9781421539638,"YU-GI-OH! 5D'S, VOL. 1","Masahiro Hikokubo"
1421542641,9781421542645,"YU-GI-OH! 5D'S, VOL. 3","Masahiro Hikokubo"
1421569191,9781421569192,"YU-GI-OH! 5D'S, VOL. 6","Masahiro Hikokubo and Masashi Sato"
1421576848,9781421576848,"YU-GI-OH! 5D'S, VOL. 7","Masahiro Hikokubo and Masashi Sato"
142153472X,9781421534725,"YU-GI-OH! GX, VOL. 5","Kazuki Takahashi and Naoyuki Kageyama"
1421537826,9781421537825,"YU-GI-OH! GX, VOL. 6","Naoyuki Kageyama"
142153925X,9781421539256,"YU-GI-OH! GX, VOL. 7","Naoyuki Kageyama"
1421542129,9781421542126,"YU-GI-OH! GX, VOL. 9","Naoyuki Kageyama"
1421530066,9781421530062,"YU-GI-OH! R, VOL. 1","Kazuki Takahashi and Akira Ito"
1421530074,9781421530079,"YU-GI-OH! R, VOL. 2","Akira Ito and Kazuki Takahashi"
1421530082,9781421530086,"YU-GI-OH! R, VOL. 3","Kazuki Takahashi and Akira Ito"
1421530090,9781421530093,"YU-GI-OH! R, VOL. 4","Kazuki Takahashi and Akira Ito"
1421530104,9781421530109,"YU-GI-OH! R, VOL. 5","Akira Ito"
1421549026,9781421549026,"YU-GI-OH! ZEXAL, VOL. 1","Kazuki Takahashi, Shin Yoshida and Naohito Miyoshi"
1421549808,9781421549804,"YU-GI-OH! ZEXAL, VOL. 2","Kazuki Takahashi"
1421553724,9781421553726,"YU-GI-OH! ZEXAL, VOL. 3","Shin Yoshida and Naohito Miyoshi"
1421561077,9781421561073,"YU-GI-OH! ZEXAL, VOL. 4","Shin Yoshida and Naohito Miyoshi"
1421569183,9781421569185,"YU-GI-OH! ZEXAL, VOL. 5","Shin Yoshida and Naohito Miyoshi"
1421513781,9781421513782,"YU-GI-OH!, VOL. 3","Kazuki Takahashi and Naoyuki Kageyama"
